ISO-10303-21;
HEADER;
FILE_DESCRIPTION(('FreeCAD Model'),'2;1');
FILE_NAME('Open CASCADE Shape Model','2026-08-15T18:30:44',(''),(''),
  'Open CASCADE STEP processor 7.8','FreeCAD','Unknown');
FILE_SCHEMA(('AUTOMOTIVE_DESIGN { 1 0 10303 214 1 1 1 1 }'));
ENDSEC;
DATA;
#1 = APPLICATION_PROTOCOL_DEFINITION('international standard',
  'automotive_design',2000,#2);
#2 = APPLICATION_CONTEXT(
  'core data for automotive mechanical design processes');
#3 = SHAPE_DEFINITION_REPRESENTATION(#4,#10);
#4 = PRODUCT_DEFINITION_SHAPE('','',#5);
#5 = PRODUCT_DEFINITION('design','',#6,#9);
#6 = PRODUCT_DEFINITION_FORMATION('','',#7);
#7 = PRODUCT('Body','Body','',(#8));
#8 = PRODUCT_CONTEXT('',#2,'mechanical');
#9 = PRODUCT_DEFINITION_CONTEXT('part definition',#2,'design');
#10 = ADVANCED_BREP_SHAPE_REPRESENTATION('',(#11,#15),#2730);
#11 = AXIS2_PLACEMENT_3D('',#12,#13,#14);
#12 = CARTESIAN_POINT('',(0.,0.,0.));
#13 = DIRECTION('',(0.,0.,1.));
#14 = DIRECTION('',(1.,0.,-0.));
#15 = MANIFOLD_SOLID_BREP('',#16);
#16 = CLOSED_SHELL('',(#17,#533,#564,#589,#614,#638,#662,#687,#712,#729,
    #760,#816,#840,#864,#888,#913,#937,#961,#992,#1016,#1055,#1079,#1103
    ,#1127,#1159,#1183,#1207,#1231,#1255,#1279,#1303,#1327,#1358,#1382,
    #1421,#1438,#1462,#1486,#1525,#1549,#1573,#1590,#1615,#1640,#1665,
    #1690,#1715,#1740,#1765,#1790,#1815,#1840,#1865,#1890,#1915,#1940,
    #1965,#1992,#2094,#2126,#2151,#2176,#2193,#2221,#2233,#2250,#2271,
    #2283,#2292,#2301,#2310,#2319,#2328,#2337,#2346,#2355,#2364,#2373,
    #2398,#2415,#2446,#2495,#2544,#2561,#2588,#2615,#2640,#2649,#2666,
    #2683,#2700,#2712,#2721));
#17 = ADVANCED_FACE('',(#18,#88,#363,#374,#385,#396,#407,#418,#429,#440,
    #451,#462,#473,#484,#495,#506,#517),#528,.T.);
#18 = FACE_BOUND('',#19,.T.);
#19 = EDGE_LOOP('',(#20,#30,#39,#47,#56,#64,#73,#81));
#20 = ORIENTED_EDGE('',*,*,#21,.F.);
#21 = EDGE_CURVE('',#22,#24,#26,.T.);
#22 = VERTEX_POINT('',#23);
#23 = CARTESIAN_POINT('',(-3.,-10.2,1.));
#24 = VERTEX_POINT('',#25);
#25 = CARTESIAN_POINT('',(-3.,-15.6,1.));
#26 = LINE('',#27,#28);
#27 = CARTESIAN_POINT('',(-3.,-9.9,1.));
#28 = VECTOR('',#29,1.);
#29 = DIRECTION('',(0.,-1.,0.));
#30 = ORIENTED_EDGE('',*,*,#31,.T.);
#31 = EDGE_CURVE('',#22,#32,#34,.T.);
#32 = VERTEX_POINT('',#33);
#33 = CARTESIAN_POINT('',(-2.7,-9.9,1.));
#34 = CIRCLE('',#35,0.3);
#35 = AXIS2_PLACEMENT_3D('',#36,#37,#38);
#36 = CARTESIAN_POINT('',(-2.7,-10.2,1.));
#37 = DIRECTION('',(-0.,-0.,-1.));
#38 = DIRECTION('',(0.,-1.,0.));
#39 = ORIENTED_EDGE('',*,*,#40,.F.);
#40 = EDGE_CURVE('',#41,#32,#43,.T.);
#41 = VERTEX_POINT('',#42);
#42 = CARTESIAN_POINT('',(2.7,-9.9,1.));
#43 = LINE('',#44,#45);
#44 = CARTESIAN_POINT('',(3.,-9.9,1.));
#45 = VECTOR('',#46,1.);
#46 = DIRECTION('',(-1.,0.,0.));
#47 = ORIENTED_EDGE('',*,*,#48,.F.);
#48 = EDGE_CURVE('',#49,#41,#51,.T.);
#49 = VERTEX_POINT('',#50);
#50 = CARTESIAN_POINT('',(3.,-10.2,1.));
#51 = CIRCLE('',#52,0.3);
#52 = AXIS2_PLACEMENT_3D('',#53,#54,#55);
#53 = CARTESIAN_POINT('',(2.7,-10.2,1.));
#54 = DIRECTION('',(-0.,0.,1.));
#55 = DIRECTION('',(0.,-1.,0.));
#56 = ORIENTED_EDGE('',*,*,#57,.F.);
#57 = EDGE_CURVE('',#58,#49,#60,.T.);
#58 = VERTEX_POINT('',#59);
#59 = CARTESIAN_POINT('',(3.,-15.6,1.));
#60 = LINE('',#61,#62);
#61 = CARTESIAN_POINT('',(3.,-15.9,1.));
#62 = VECTOR('',#63,1.);
#63 = DIRECTION('',(0.,1.,0.));
#64 = ORIENTED_EDGE('',*,*,#65,.F.);
#65 = EDGE_CURVE('',#66,#58,#68,.T.);
#66 = VERTEX_POINT('',#67);
#67 = CARTESIAN_POINT('',(2.7,-15.9,1.));
#68 = CIRCLE('',#69,0.3);
#69 = AXIS2_PLACEMENT_3D('',#70,#71,#72);
#70 = CARTESIAN_POINT('',(2.7,-15.6,1.));
#71 = DIRECTION('',(-0.,0.,1.));
#72 = DIRECTION('',(0.,-1.,0.));
#73 = ORIENTED_EDGE('',*,*,#74,.F.);
#74 = EDGE_CURVE('',#75,#66,#77,.T.);
#75 = VERTEX_POINT('',#76);
#76 = CARTESIAN_POINT('',(-2.7,-15.9,1.));
#77 = LINE('',#78,#79);
#78 = CARTESIAN_POINT('',(-3.,-15.9,1.));
#79 = VECTOR('',#80,1.);
#80 = DIRECTION('',(1.,0.,0.));
#81 = ORIENTED_EDGE('',*,*,#82,.F.);
#82 = EDGE_CURVE('',#24,#75,#83,.T.);
#83 = CIRCLE('',#84,0.3);
#84 = AXIS2_PLACEMENT_3D('',#85,#86,#87);
#85 = CARTESIAN_POINT('',(-2.7,-15.6,1.));
#86 = DIRECTION('',(-0.,0.,1.));
#87 = DIRECTION('',(0.,-1.,0.));
#88 = FACE_BOUND('',#89,.T.);
#89 = EDGE_LOOP('',(#90,#100,#108,#116,#125,#133,#141,#149,#157,#165,
    #173,#181,#189,#197,#205,#213,#221,#229,#237,#245,#253,#261,#269,
    #277,#285,#293,#301,#309,#317,#325,#333,#341,#349,#357));
#90 = ORIENTED_EDGE('',*,*,#91,.F.);
#91 = EDGE_CURVE('',#92,#94,#96,.T.);
#92 = VERTEX_POINT('',#93);
#93 = CARTESIAN_POINT('',(-35.55,50.5,1.));
#94 = VERTEX_POINT('',#95);
#95 = CARTESIAN_POINT('',(-26.35,50.5,1.));
#96 = LINE('',#97,#98);
#97 = CARTESIAN_POINT('',(-35.55,50.5,1.));
#98 = VECTOR('',#99,1.);
#99 = DIRECTION('',(1.,0.,0.));
#100 = ORIENTED_EDGE('',*,*,#101,.T.);
#101 = EDGE_CURVE('',#92,#102,#104,.T.);
#102 = VERTEX_POINT('',#103);
#103 = CARTESIAN_POINT('',(-35.55,-51.1,1.));
#104 = LINE('',#105,#106);
#105 = CARTESIAN_POINT('',(-35.55,51.1,1.));
#106 = VECTOR('',#107,1.);
#107 = DIRECTION('',(0.,-1.,0.));
#108 = ORIENTED_EDGE('',*,*,#109,.T.);
#109 = EDGE_CURVE('',#102,#110,#112,.T.);
#110 = VERTEX_POINT('',#111);
#111 = CARTESIAN_POINT('',(12.941742095347,-51.1,1.));
#112 = LINE('',#113,#114);
#113 = CARTESIAN_POINT('',(-35.55,-51.1,1.));
#114 = VECTOR('',#115,1.);
#115 = DIRECTION('',(1.,0.,0.));
#116 = ORIENTED_EDGE('',*,*,#117,.F.);
#117 = EDGE_CURVE('',#118,#110,#120,.T.);
#118 = VERTEX_POINT('',#119);
#119 = CARTESIAN_POINT('',(26.437632589278,-35.86575660677,1.));
#120 = CIRCLE('',#121,12.);
#121 = AXIS2_PLACEMENT_3D('',#122,#123,#124);
#122 = CARTESIAN_POINT('',(24.45,-47.7,1.));
#123 = DIRECTION('',(0.,0.,1.));
#124 = DIRECTION('',(1.,0.,0.));
#125 = ORIENTED_EDGE('',*,*,#126,.T.);
#126 = EDGE_CURVE('',#118,#127,#129,.T.);
#127 = VERTEX_POINT('',#128);
#128 = CARTESIAN_POINT('',(35.55,-27.44039475392,1.));
#129 = LINE('',#130,#131);
#130 = CARTESIAN_POINT('',(26.437632589278,-35.86575660677,1.));
#131 = VECTOR('',#132,1.);
#132 = DIRECTION('',(0.734243137708,0.678886599314,0.));
#133 = ORIENTED_EDGE('',*,*,#134,.T.);
#134 = EDGE_CURVE('',#127,#135,#137,.T.);
#135 = VERTEX_POINT('',#136);
#136 = CARTESIAN_POINT('',(35.55,50.5,1.));
#137 = LINE('',#138,#139);
#138 = CARTESIAN_POINT('',(35.55,-51.1,1.));
#139 = VECTOR('',#140,1.);
#140 = DIRECTION('',(0.,1.,0.));
#141 = ORIENTED_EDGE('',*,*,#142,.T.);
#142 = EDGE_CURVE('',#135,#143,#145,.T.);
#143 = VERTEX_POINT('',#144);
#144 = CARTESIAN_POINT('',(33.55,50.5,1.));
#145 = LINE('',#146,#147);
#146 = CARTESIAN_POINT('',(35.55,50.5,1.));
#147 = VECTOR('',#148,1.);
#148 = DIRECTION('',(-1.,0.,0.));
#149 = ORIENTED_EDGE('',*,*,#150,.F.);
#150 = EDGE_CURVE('',#151,#143,#153,.T.);
#151 = VERTEX_POINT('',#152);
#152 = CARTESIAN_POINT('',(33.55,49.5,1.));
#153 = LINE('',#154,#155);
#154 = CARTESIAN_POINT('',(33.55,49.5,1.));
#155 = VECTOR('',#156,1.);
#156 = DIRECTION('',(0.,1.,0.));
#157 = ORIENTED_EDGE('',*,*,#158,.F.);
#158 = EDGE_CURVE('',#159,#151,#161,.T.);
#159 = VERTEX_POINT('',#160);
#160 = CARTESIAN_POINT('',(31.95,49.5,1.));
#161 = LINE('',#162,#163);
#162 = CARTESIAN_POINT('',(31.95,49.5,1.));
#163 = VECTOR('',#164,1.);
#164 = DIRECTION('',(1.,0.,0.));
#165 = ORIENTED_EDGE('',*,*,#166,.F.);
#166 = EDGE_CURVE('',#167,#159,#169,.T.);
#167 = VERTEX_POINT('',#168);
#168 = CARTESIAN_POINT('',(31.95,50.5,1.));
#169 = LINE('',#170,#171);
#170 = CARTESIAN_POINT('',(31.95,51.893593,1.));
#171 = VECTOR('',#172,1.);
#172 = DIRECTION('',(0.,-1.,0.));
#173 = ORIENTED_EDGE('',*,*,#174,.T.);
#174 = EDGE_CURVE('',#167,#175,#177,.T.);
#175 = VERTEX_POINT('',#176);
#176 = CARTESIAN_POINT('',(25.55,50.5,1.));
#177 = LINE('',#178,#179);
#178 = CARTESIAN_POINT('',(35.55,50.5,1.));
#179 = VECTOR('',#180,1.);
#180 = DIRECTION('',(-1.,0.,0.));
#181 = ORIENTED_EDGE('',*,*,#182,.F.);
#182 = EDGE_CURVE('',#183,#175,#185,.T.);
#183 = VERTEX_POINT('',#184);
#184 = CARTESIAN_POINT('',(25.55,49.500000000008,1.));
#185 = LINE('',#186,#187);
#186 = CARTESIAN_POINT('',(25.55,49.500000000008,1.));
#187 = VECTOR('',#188,1.);
#188 = DIRECTION('',(0.,1.,0.));
#189 = ORIENTED_EDGE('',*,*,#190,.F.);
#190 = EDGE_CURVE('',#191,#183,#193,.T.);
#191 = VERTEX_POINT('',#192);
#192 = CARTESIAN_POINT('',(20.15,49.500000000008,1.));
#193 = LINE('',#194,#195);
#194 = CARTESIAN_POINT('',(15.75,49.500000000008,1.));
#195 = VECTOR('',#196,1.);
#196 = DIRECTION('',(1.,0.,0.));
#197 = ORIENTED_EDGE('',*,*,#198,.F.);
#198 = EDGE_CURVE('',#199,#191,#201,.T.);
#199 = VERTEX_POINT('',#200);
#200 = CARTESIAN_POINT('',(20.15,49.300000000008,1.));
#201 = LINE('',#202,#203);
#202 = CARTESIAN_POINT('',(20.15,49.300000000008,1.));
#203 = VECTOR('',#204,1.);
#204 = DIRECTION('',(0.,1.,-2.2E-16));
#205 = ORIENTED_EDGE('',*,*,#206,.F.);
#206 = EDGE_CURVE('',#207,#199,#209,.T.);
#207 = VERTEX_POINT('',#208);
#208 = CARTESIAN_POINT('',(23.95,49.300000000008,1.));
#209 = LINE('',#210,#211);
#210 = CARTESIAN_POINT('',(23.95,49.300000000008,1.));
#211 = VECTOR('',#212,1.);
#212 = DIRECTION('',(-1.,0.,0.));
#213 = ORIENTED_EDGE('',*,*,#214,.F.);
#214 = EDGE_CURVE('',#215,#207,#217,.T.);
#215 = VERTEX_POINT('',#216);
#216 = CARTESIAN_POINT('',(23.95,46.550000000008,1.));
#217 = LINE('',#218,#219);
#218 = CARTESIAN_POINT('',(23.95,46.550000000008,1.));
#219 = VECTOR('',#220,1.);
#220 = DIRECTION('',(0.,1.,0.));
#221 = ORIENTED_EDGE('',*,*,#222,.F.);
#222 = EDGE_CURVE('',#223,#215,#225,.T.);
#223 = VERTEX_POINT('',#224);
#224 = CARTESIAN_POINT('',(16.95,46.550000000008,1.));
#225 = LINE('',#226,#227);
#226 = CARTESIAN_POINT('',(16.95,46.550000000008,1.));
#227 = VECTOR('',#228,1.);
#228 = DIRECTION('',(1.,0.,0.));
#229 = ORIENTED_EDGE('',*,*,#230,.F.);
#230 = EDGE_CURVE('',#231,#223,#233,.T.);
#231 = VERTEX_POINT('',#232);
#232 = CARTESIAN_POINT('',(16.95,49.300000000008,1.));
#233 = LINE('',#234,#235);
#234 = CARTESIAN_POINT('',(16.95,49.300000000008,1.));
#235 = VECTOR('',#236,1.);
#236 = DIRECTION('',(0.,-1.,0.));
#237 = ORIENTED_EDGE('',*,*,#238,.F.);
#238 = EDGE_CURVE('',#239,#231,#241,.T.);
#239 = VERTEX_POINT('',#240);
#240 = CARTESIAN_POINT('',(18.85,49.300000000008,1.));
#241 = LINE('',#242,#243);
#242 = CARTESIAN_POINT('',(23.95,49.300000000008,1.));
#243 = VECTOR('',#244,1.);
#244 = DIRECTION('',(-1.,0.,0.));
#245 = ORIENTED_EDGE('',*,*,#246,.T.);
#246 = EDGE_CURVE('',#239,#247,#249,.T.);
#247 = VERTEX_POINT('',#248);
#248 = CARTESIAN_POINT('',(18.85,49.500000000008,1.));
#249 = LINE('',#250,#251);
#250 = CARTESIAN_POINT('',(18.85,49.300000000008,1.));
#251 = VECTOR('',#252,1.);
#252 = DIRECTION('',(0.,1.,-2.2E-16));
#253 = ORIENTED_EDGE('',*,*,#254,.F.);
#254 = EDGE_CURVE('',#255,#247,#257,.T.);
#255 = VERTEX_POINT('',#256);
#256 = CARTESIAN_POINT('',(15.75,49.500000000008,1.));
#257 = LINE('',#258,#259);
#258 = CARTESIAN_POINT('',(15.75,49.500000000008,1.));
#259 = VECTOR('',#260,1.);
#260 = DIRECTION('',(1.,0.,0.));
#261 = ORIENTED_EDGE('',*,*,#262,.F.);
#262 = EDGE_CURVE('',#263,#255,#265,.T.);
#263 = VERTEX_POINT('',#264);
#264 = CARTESIAN_POINT('',(15.75,50.5,1.));
#265 = LINE('',#266,#267);
#266 = CARTESIAN_POINT('',(15.75,50.5,1.));
#267 = VECTOR('',#268,1.);
#268 = DIRECTION('',(0.,-1.,0.));
#269 = ORIENTED_EDGE('',*,*,#270,.F.);
#270 = EDGE_CURVE('',#271,#263,#273,.T.);
#271 = VERTEX_POINT('',#272);
#272 = CARTESIAN_POINT('',(9.3,50.5,1.));
#273 = LINE('',#274,#275);
#274 = CARTESIAN_POINT('',(9.3,50.5,1.));
#275 = VECTOR('',#276,1.);
#276 = DIRECTION('',(1.,0.,0.));
#277 = ORIENTED_EDGE('',*,*,#278,.F.);
#278 = EDGE_CURVE('',#279,#271,#281,.T.);
#279 = VERTEX_POINT('',#280);
#280 = CARTESIAN_POINT('',(9.3,49.5,1.));
#281 = LINE('',#282,#283);
#282 = CARTESIAN_POINT('',(9.3,49.5,1.));
#283 = VECTOR('',#284,1.);
#284 = DIRECTION('',(0.,1.,0.));
#285 = ORIENTED_EDGE('',*,*,#286,.F.);
#286 = EDGE_CURVE('',#287,#279,#289,.T.);
#287 = VERTEX_POINT('',#288);
#288 = CARTESIAN_POINT('',(-9.35,49.5,1.));
#289 = LINE('',#290,#291);
#290 = CARTESIAN_POINT('',(7.7,49.5,1.));
#291 = VECTOR('',#292,1.);
#292 = DIRECTION('',(1.,0.,0.));
#293 = ORIENTED_EDGE('',*,*,#294,.F.);
#294 = EDGE_CURVE('',#295,#287,#297,.T.);
#295 = VERTEX_POINT('',#296);
#296 = CARTESIAN_POINT('',(-9.35,50.5,1.));
#297 = LINE('',#298,#299);
#298 = CARTESIAN_POINT('',(-9.35,50.5,1.));
#299 = VECTOR('',#300,1.);
#300 = DIRECTION('',(0.,-1.,0.));
#301 = ORIENTED_EDGE('',*,*,#302,.F.);
#302 = EDGE_CURVE('',#303,#295,#305,.T.);
#303 = VERTEX_POINT('',#304);
#304 = CARTESIAN_POINT('',(-14.45,50.5,1.));
#305 = LINE('',#306,#307);
#306 = CARTESIAN_POINT('',(-24.55,50.5,1.));
#307 = VECTOR('',#308,1.);
#308 = DIRECTION('',(1.,0.,0.));
#309 = ORIENTED_EDGE('',*,*,#310,.F.);
#310 = EDGE_CURVE('',#311,#303,#313,.T.);
#311 = VERTEX_POINT('',#312);
#312 = CARTESIAN_POINT('',(-14.45,41.2,1.));
#313 = LINE('',#314,#315);
#314 = CARTESIAN_POINT('',(-14.45,41.2,1.));
#315 = VECTOR('',#316,1.);
#316 = DIRECTION('',(0.,1.,0.));
#317 = ORIENTED_EDGE('',*,*,#318,.F.);
#318 = EDGE_CURVE('',#319,#311,#321,.T.);
#319 = VERTEX_POINT('',#320);
#320 = CARTESIAN_POINT('',(-19.45,41.2,1.));
#321 = LINE('',#322,#323);
#322 = CARTESIAN_POINT('',(-19.45,41.2,1.));
#323 = VECTOR('',#324,1.);
#324 = DIRECTION('',(1.,0.,0.));
#325 = ORIENTED_EDGE('',*,*,#326,.F.);
#326 = EDGE_CURVE('',#327,#319,#329,.T.);
#327 = VERTEX_POINT('',#328);
#328 = CARTESIAN_POINT('',(-19.45,50.5,1.));
#329 = LINE('',#330,#331);
#330 = CARTESIAN_POINT('',(-19.45,51.5,1.));
#331 = VECTOR('',#332,1.);
#332 = DIRECTION('',(0.,-1.,0.));
#333 = ORIENTED_EDGE('',*,*,#334,.F.);
#334 = EDGE_CURVE('',#335,#327,#337,.T.);
#335 = VERTEX_POINT('',#336);
#336 = CARTESIAN_POINT('',(-24.55,50.5,1.));
#337 = LINE('',#338,#339);
#338 = CARTESIAN_POINT('',(-24.55,50.5,1.));
#339 = VECTOR('',#340,1.);
#340 = DIRECTION('',(1.,0.,0.));
#341 = ORIENTED_EDGE('',*,*,#342,.F.);
#342 = EDGE_CURVE('',#343,#335,#345,.T.);
#343 = VERTEX_POINT('',#344);
#344 = CARTESIAN_POINT('',(-24.55,49.5,1.));
#345 = LINE('',#346,#347);
#346 = CARTESIAN_POINT('',(-24.55,49.5,1.));
#347 = VECTOR('',#348,1.);
#348 = DIRECTION('',(0.,1.,0.));
#349 = ORIENTED_EDGE('',*,*,#350,.F.);
#350 = EDGE_CURVE('',#351,#343,#353,.T.);
#351 = VERTEX_POINT('',#352);
#352 = CARTESIAN_POINT('',(-26.35,49.5,1.));
#353 = LINE('',#354,#355);
#354 = CARTESIAN_POINT('',(-26.35,49.5,1.));
#355 = VECTOR('',#356,1.);
#356 = DIRECTION('',(1.,0.,0.));
#357 = ORIENTED_EDGE('',*,*,#358,.F.);
#358 = EDGE_CURVE('',#94,#351,#359,.T.);
#359 = LINE('',#360,#361);
#360 = CARTESIAN_POINT('',(-26.35,50.5,1.));
#361 = VECTOR('',#362,1.);
#362 = DIRECTION('',(0.,-1.,0.));
#363 = FACE_BOUND('',#364,.T.);
#364 = EDGE_LOOP('',(#365));
#365 = ORIENTED_EDGE('',*,*,#366,.F.);
#366 = EDGE_CURVE('',#367,#367,#369,.T.);
#367 = VERTEX_POINT('',#368);
#368 = CARTESIAN_POINT('',(-15.55,-46.6,1.));
#369 = CIRCLE('',#370,2.5);
#370 = AXIS2_PLACEMENT_3D('',#371,#372,#373);
#371 = CARTESIAN_POINT('',(-18.05,-46.6,1.));
#372 = DIRECTION('',(0.,0.,1.));
#373 = DIRECTION('',(1.,0.,0.));
#374 = FACE_BOUND('',#375,.T.);
#375 = EDGE_LOOP('',(#376));
#376 = ORIENTED_EDGE('',*,*,#377,.F.);
#377 = EDGE_CURVE('',#378,#378,#380,.T.);
#378 = VERTEX_POINT('',#379);
#379 = CARTESIAN_POINT('',(-18.15,-30.4,1.));
#380 = CIRCLE('',#381,2.5);
#381 = AXIS2_PLACEMENT_3D('',#382,#383,#384);
#382 = CARTESIAN_POINT('',(-20.65,-30.4,1.));
#383 = DIRECTION('',(0.,0.,1.));
#384 = DIRECTION('',(1.,0.,0.));
#385 = FACE_BOUND('',#386,.T.);
#386 = EDGE_LOOP('',(#387));
#387 = ORIENTED_EDGE('',*,*,#388,.F.);
#388 = EDGE_CURVE('',#389,#389,#391,.T.);
#389 = VERTEX_POINT('',#390);
#390 = CARTESIAN_POINT('',(-1.95,-46.6,1.));
#391 = CIRCLE('',#392,2.5);
#392 = AXIS2_PLACEMENT_3D('',#393,#394,#395);
#393 = CARTESIAN_POINT('',(-4.45,-46.6,1.));
#394 = DIRECTION('',(0.,0.,1.));
#395 = DIRECTION('',(1.,0.,0.));
#396 = FACE_BOUND('',#397,.T.);
#397 = EDGE_LOOP('',(#398));
#398 = ORIENTED_EDGE('',*,*,#399,.F.);
#399 = EDGE_CURVE('',#400,#400,#402,.T.);
#400 = VERTEX_POINT('',#401);
#401 = CARTESIAN_POINT('',(-26.45,-22.1,1.));
#402 = CIRCLE('',#403,2.5);
#403 = AXIS2_PLACEMENT_3D('',#404,#405,#406);
#404 = CARTESIAN_POINT('',(-28.95,-22.1,1.));
#405 = DIRECTION('',(0.,0.,1.));
#406 = DIRECTION('',(1.,0.,0.));
#407 = FACE_BOUND('',#408,.T.);
#408 = EDGE_LOOP('',(#409));
#409 = ORIENTED_EDGE('',*,*,#410,.F.);
#410 = EDGE_CURVE('',#411,#411,#413,.T.);
#411 = VERTEX_POINT('',#412);
#412 = CARTESIAN_POINT('',(-18.15,-13.8,1.));
#413 = CIRCLE('',#414,2.5);
#414 = AXIS2_PLACEMENT_3D('',#415,#416,#417);
#415 = CARTESIAN_POINT('',(-20.65,-13.8,1.));
#416 = DIRECTION('',(0.,0.,1.));
#417 = DIRECTION('',(1.,0.,0.));
#418 = FACE_BOUND('',#419,.T.);
#419 = EDGE_LOOP('',(#420));
#420 = ORIENTED_EDGE('',*,*,#421,.F.);
#421 = EDGE_CURVE('',#422,#422,#424,.T.);
#422 = VERTEX_POINT('',#423);
#423 = CARTESIAN_POINT('',(-28.025,-8.8,1.));
#424 = CIRCLE('',#425,2.575);
#425 = AXIS2_PLACEMENT_3D('',#426,#427,#428);
#426 = CARTESIAN_POINT('',(-30.6,-8.8,1.));
#427 = DIRECTION('',(0.,0.,1.));
#428 = DIRECTION('',(1.,0.,0.));
#429 = FACE_BOUND('',#430,.T.);
#430 = EDGE_LOOP('',(#431));
#431 = ORIENTED_EDGE('',*,*,#432,.F.);
#432 = EDGE_CURVE('',#433,#433,#435,.T.);
#433 = VERTEX_POINT('',#434);
#434 = CARTESIAN_POINT('',(-9.85,-22.1,1.));
#435 = CIRCLE('',#436,2.5);
#436 = AXIS2_PLACEMENT_3D('',#437,#438,#439);
#437 = CARTESIAN_POINT('',(-12.35,-22.1,1.));
#438 = DIRECTION('',(0.,0.,1.));
#439 = DIRECTION('',(1.,0.,0.));
#440 = FACE_BOUND('',#441,.T.);
#441 = EDGE_LOOP('',(#442));
#442 = ORIENTED_EDGE('',*,*,#443,.F.);
#443 = EDGE_CURVE('',#444,#444,#446,.T.);
#444 = VERTEX_POINT('',#445);
#445 = CARTESIAN_POINT('',(1.25,-26.1,1.));
#446 = CIRCLE('',#447,1.25);
#447 = AXIS2_PLACEMENT_3D('',#448,#449,#450);
#448 = CARTESIAN_POINT('',(2.27E-15,-26.1,1.));
#449 = DIRECTION('',(0.,0.,1.));
#450 = DIRECTION('',(1.,0.,0.));
#451 = FACE_BOUND('',#452,.T.);
#452 = EDGE_LOOP('',(#453));
#453 = ORIENTED_EDGE('',*,*,#454,.F.);
#454 = EDGE_CURVE('',#455,#455,#457,.T.);
#455 = VERTEX_POINT('',#456);
#456 = CARTESIAN_POINT('',(23.15,-30.4,1.));
#457 = CIRCLE('',#458,2.5);
#458 = AXIS2_PLACEMENT_3D('',#459,#460,#461);
#459 = CARTESIAN_POINT('',(20.65,-30.4,1.));
#460 = DIRECTION('',(0.,0.,1.));
#461 = DIRECTION('',(1.,0.,0.));
#462 = FACE_BOUND('',#463,.T.);
#463 = EDGE_LOOP('',(#464));
#464 = ORIENTED_EDGE('',*,*,#465,.F.);
#465 = EDGE_CURVE('',#466,#466,#468,.T.);
#466 = VERTEX_POINT('',#467);
#467 = CARTESIAN_POINT('',(14.85,-22.1,1.));
#468 = CIRCLE('',#469,2.5);
#469 = AXIS2_PLACEMENT_3D('',#470,#471,#472);
#470 = CARTESIAN_POINT('',(12.35,-22.1,1.));
#471 = DIRECTION('',(0.,0.,1.));
#472 = DIRECTION('',(1.,0.,0.));
#473 = FACE_BOUND('',#474,.T.);
#474 = EDGE_LOOP('',(#475));
#475 = ORIENTED_EDGE('',*,*,#476,.F.);
#476 = EDGE_CURVE('',#477,#477,#479,.T.);
#477 = VERTEX_POINT('',#478);
#478 = CARTESIAN_POINT('',(23.15,-13.8,1.));
#479 = CIRCLE('',#480,2.5);
#480 = AXIS2_PLACEMENT_3D('',#481,#482,#483);
#481 = CARTESIAN_POINT('',(20.65,-13.8,1.));
#482 = DIRECTION('',(0.,0.,1.));
#483 = DIRECTION('',(1.,0.,0.));
#484 = FACE_BOUND('',#485,.T.);
#485 = EDGE_LOOP('',(#486));
#486 = ORIENTED_EDGE('',*,*,#487,.F.);
#487 = EDGE_CURVE('',#488,#488,#490,.T.);
#488 = VERTEX_POINT('',#489);
#489 = CARTESIAN_POINT('',(31.45,-22.1,1.));
#490 = CIRCLE('',#491,2.5);
#491 = AXIS2_PLACEMENT_3D('',#492,#493,#494);
#492 = CARTESIAN_POINT('',(28.95,-22.1,1.));
#493 = DIRECTION('',(0.,0.,1.));
#494 = DIRECTION('',(1.,0.,0.));
#495 = FACE_BOUND('',#496,.T.);
#496 = EDGE_LOOP('',(#497));
#497 = ORIENTED_EDGE('',*,*,#498,.F.);
#498 = EDGE_CURVE('',#499,#499,#501,.T.);
#499 = VERTEX_POINT('',#500);
#500 = CARTESIAN_POINT('',(33.175,-8.8,1.));
#501 = CIRCLE('',#502,2.575);
#502 = AXIS2_PLACEMENT_3D('',#503,#504,#505);
#503 = CARTESIAN_POINT('',(30.6,-8.8,1.));
#504 = DIRECTION('',(0.,0.,1.));
#505 = DIRECTION('',(1.,0.,0.));
#506 = FACE_BOUND('',#507,.T.);
#507 = EDGE_LOOP('',(#508));
#508 = ORIENTED_EDGE('',*,*,#509,.F.);
#509 = EDGE_CURVE('',#510,#510,#512,.T.);
#510 = VERTEX_POINT('',#511);
#511 = CARTESIAN_POINT('',(-28.025,46.4,1.));
#512 = CIRCLE('',#513,2.575);
#513 = AXIS2_PLACEMENT_3D('',#514,#515,#516);
#514 = CARTESIAN_POINT('',(-30.6,46.4,1.));
#515 = DIRECTION('',(0.,0.,1.));
#516 = DIRECTION('',(1.,0.,0.));
#517 = FACE_BOUND('',#518,.T.);
#518 = EDGE_LOOP('',(#519));
#519 = ORIENTED_EDGE('',*,*,#520,.F.);
#520 = EDGE_CURVE('',#521,#521,#523,.T.);
#521 = VERTEX_POINT('',#522);
#522 = CARTESIAN_POINT('',(33.175,46.4,1.));
#523 = CIRCLE('',#524,2.575);
#524 = AXIS2_PLACEMENT_3D('',#525,#526,#527);
#525 = CARTESIAN_POINT('',(30.6,46.4,1.));
#526 = DIRECTION('',(0.,0.,1.));
#527 = DIRECTION('',(1.,0.,0.));
#528 = PLANE('',#529);
#529 = AXIS2_PLACEMENT_3D('',#530,#531,#532);
#530 = CARTESIAN_POINT('',(0.,0.,1.));
#531 = DIRECTION('',(0.,0.,1.));
#532 = DIRECTION('',(1.,0.,0.));
#533 = ADVANCED_FACE('',(#534),#559,.T.);
#534 = FACE_BOUND('',#535,.T.);
#535 = EDGE_LOOP('',(#536,#537,#545,#553));
#536 = ORIENTED_EDGE('',*,*,#21,.T.);
#537 = ORIENTED_EDGE('',*,*,#538,.T.);
#538 = EDGE_CURVE('',#24,#539,#541,.T.);
#539 = VERTEX_POINT('',#540);
#540 = CARTESIAN_POINT('',(-3.,-15.6,5.));
#541 = LINE('',#542,#543);
#542 = CARTESIAN_POINT('',(-3.,-15.6,1.));
#543 = VECTOR('',#544,1.);
#544 = DIRECTION('',(0.,0.,1.));
#545 = ORIENTED_EDGE('',*,*,#546,.F.);
#546 = EDGE_CURVE('',#547,#539,#549,.T.);
#547 = VERTEX_POINT('',#548);
#548 = CARTESIAN_POINT('',(-3.,-10.2,5.));
#549 = LINE('',#550,#551);
#550 = CARTESIAN_POINT('',(-3.,-9.9,5.));
#551 = VECTOR('',#552,1.);
#552 = DIRECTION('',(0.,-1.,0.));
#553 = ORIENTED_EDGE('',*,*,#554,.F.);
#554 = EDGE_CURVE('',#22,#547,#555,.T.);
#555 = LINE('',#556,#557);
#556 = CARTESIAN_POINT('',(-3.,-10.2,1.));
#557 = VECTOR('',#558,1.);
#558 = DIRECTION('',(0.,0.,1.));
#559 = PLANE('',#560);
#560 = AXIS2_PLACEMENT_3D('',#561,#562,#563);
#561 = CARTESIAN_POINT('',(-3.,-12.9,3.));
#562 = DIRECTION('',(-1.,-0.,-0.));
#563 = DIRECTION('',(0.,0.,-1.));
#564 = ADVANCED_FACE('',(#565),#584,.T.);
#565 = FACE_BOUND('',#566,.F.);
#566 = EDGE_LOOP('',(#567,#568,#576,#583));
#567 = ORIENTED_EDGE('',*,*,#31,.T.);
#568 = ORIENTED_EDGE('',*,*,#569,.T.);
#569 = EDGE_CURVE('',#32,#570,#572,.T.);
#570 = VERTEX_POINT('',#571);
#571 = CARTESIAN_POINT('',(-2.7,-9.9,5.));
#572 = LINE('',#573,#574);
#573 = CARTESIAN_POINT('',(-2.7,-9.9,1.));
#574 = VECTOR('',#575,1.);
#575 = DIRECTION('',(0.,0.,1.));
#576 = ORIENTED_EDGE('',*,*,#577,.F.);
#577 = EDGE_CURVE('',#547,#570,#578,.T.);
#578 = CIRCLE('',#579,0.3);
#579 = AXIS2_PLACEMENT_3D('',#580,#581,#582);
#580 = CARTESIAN_POINT('',(-2.7,-10.2,5.));
#581 = DIRECTION('',(-0.,-0.,-1.));
#582 = DIRECTION('',(0.,-1.,0.));
#583 = ORIENTED_EDGE('',*,*,#554,.F.);
#584 = CYLINDRICAL_SURFACE('',#585,0.3);
#585 = AXIS2_PLACEMENT_3D('',#586,#587,#588);
#586 = CARTESIAN_POINT('',(-2.7,-10.2,1.));
#587 = DIRECTION('',(0.,0.,1.));
#588 = DIRECTION('',(-1.,0.,0.));
#589 = ADVANCED_FACE('',(#590),#609,.T.);
#590 = FACE_BOUND('',#591,.T.);
#591 = EDGE_LOOP('',(#592,#593,#601,#608));
#592 = ORIENTED_EDGE('',*,*,#82,.T.);
#593 = ORIENTED_EDGE('',*,*,#594,.T.);
#594 = EDGE_CURVE('',#75,#595,#597,.T.);
#595 = VERTEX_POINT('',#596);
#596 = CARTESIAN_POINT('',(-2.7,-15.9,5.));
#597 = LINE('',#598,#599);
#598 = CARTESIAN_POINT('',(-2.7,-15.9,1.));
#599 = VECTOR('',#600,1.);
#600 = DIRECTION('',(0.,0.,1.));
#601 = ORIENTED_EDGE('',*,*,#602,.F.);
#602 = EDGE_CURVE('',#539,#595,#603,.T.);
#603 = CIRCLE('',#604,0.3);
#604 = AXIS2_PLACEMENT_3D('',#605,#606,#607);
#605 = CARTESIAN_POINT('',(-2.7,-15.6,5.));
#606 = DIRECTION('',(-0.,0.,1.));
#607 = DIRECTION('',(0.,-1.,0.));
#608 = ORIENTED_EDGE('',*,*,#538,.F.);
#609 = CYLINDRICAL_SURFACE('',#610,0.3);
#610 = AXIS2_PLACEMENT_3D('',#611,#612,#613);
#611 = CARTESIAN_POINT('',(-2.7,-15.6,1.));
#612 = DIRECTION('',(0.,0.,1.));
#613 = DIRECTION('',(-1.,0.,0.));
#614 = ADVANCED_FACE('',(#615),#633,.T.);
#615 = FACE_BOUND('',#616,.T.);
#616 = EDGE_LOOP('',(#617,#618,#619,#627));
#617 = ORIENTED_EDGE('',*,*,#40,.T.);
#618 = ORIENTED_EDGE('',*,*,#569,.T.);
#619 = ORIENTED_EDGE('',*,*,#620,.F.);
#620 = EDGE_CURVE('',#621,#570,#623,.T.);
#621 = VERTEX_POINT('',#622);
#622 = CARTESIAN_POINT('',(2.7,-9.9,5.));
#623 = LINE('',#624,#625);
#624 = CARTESIAN_POINT('',(3.,-9.9,5.));
#625 = VECTOR('',#626,1.);
#626 = DIRECTION('',(-1.,0.,0.));
#627 = ORIENTED_EDGE('',*,*,#628,.F.);
#628 = EDGE_CURVE('',#41,#621,#629,.T.);
#629 = LINE('',#630,#631);
#630 = CARTESIAN_POINT('',(2.7,-9.9,1.));
#631 = VECTOR('',#632,1.);
#632 = DIRECTION('',(0.,0.,1.));
#633 = PLANE('',#634);
#634 = AXIS2_PLACEMENT_3D('',#635,#636,#637);
#635 = CARTESIAN_POINT('',(0.,-9.9,3.));
#636 = DIRECTION('',(0.,1.,0.));
#637 = DIRECTION('',(0.,0.,1.));
#638 = ADVANCED_FACE('',(#639),#657,.T.);
#639 = FACE_BOUND('',#640,.T.);
#640 = EDGE_LOOP('',(#641,#642,#650,#656));
#641 = ORIENTED_EDGE('',*,*,#74,.T.);
#642 = ORIENTED_EDGE('',*,*,#643,.T.);
#643 = EDGE_CURVE('',#66,#644,#646,.T.);
#644 = VERTEX_POINT('',#645);
#645 = CARTESIAN_POINT('',(2.7,-15.9,5.));
#646 = LINE('',#647,#648);
#647 = CARTESIAN_POINT('',(2.7,-15.9,1.));
#648 = VECTOR('',#649,1.);
#649 = DIRECTION('',(0.,0.,1.));
#650 = ORIENTED_EDGE('',*,*,#651,.F.);
#651 = EDGE_CURVE('',#595,#644,#652,.T.);
#652 = LINE('',#653,#654);
#653 = CARTESIAN_POINT('',(-3.,-15.9,5.));
#654 = VECTOR('',#655,1.);
#655 = DIRECTION('',(1.,0.,0.));
#656 = ORIENTED_EDGE('',*,*,#594,.F.);
#657 = PLANE('',#658);
#658 = AXIS2_PLACEMENT_3D('',#659,#660,#661);
#659 = CARTESIAN_POINT('',(0.,-15.9,3.));
#660 = DIRECTION('',(-0.,-1.,-0.));
#661 = DIRECTION('',(0.,0.,-1.));
#662 = ADVANCED_FACE('',(#663),#682,.T.);
#663 = FACE_BOUND('',#664,.T.);
#664 = EDGE_LOOP('',(#665,#666,#667,#676));
#665 = ORIENTED_EDGE('',*,*,#48,.T.);
#666 = ORIENTED_EDGE('',*,*,#628,.T.);
#667 = ORIENTED_EDGE('',*,*,#668,.F.);
#668 = EDGE_CURVE('',#669,#621,#671,.T.);
#669 = VERTEX_POINT('',#670);
#670 = CARTESIAN_POINT('',(3.,-10.2,5.));
#671 = CIRCLE('',#672,0.3);
#672 = AXIS2_PLACEMENT_3D('',#673,#674,#675);
#673 = CARTESIAN_POINT('',(2.7,-10.2,5.));
#674 = DIRECTION('',(-0.,0.,1.));
#675 = DIRECTION('',(0.,-1.,0.));
#676 = ORIENTED_EDGE('',*,*,#677,.F.);
#677 = EDGE_CURVE('',#49,#669,#678,.T.);
#678 = LINE('',#679,#680);
#679 = CARTESIAN_POINT('',(3.,-10.2,1.));
#680 = VECTOR('',#681,1.);
#681 = DIRECTION('',(0.,0.,1.));
#682 = CYLINDRICAL_SURFACE('',#683,0.3);
#683 = AXIS2_PLACEMENT_3D('',#684,#685,#686);
#684 = CARTESIAN_POINT('',(2.7,-10.2,1.));
#685 = DIRECTION('',(0.,0.,1.));
#686 = DIRECTION('',(1.,0.,0.));
#687 = ADVANCED_FACE('',(#688),#707,.T.);
#688 = FACE_BOUND('',#689,.T.);
#689 = EDGE_LOOP('',(#690,#691,#699,#706));
#690 = ORIENTED_EDGE('',*,*,#65,.T.);
#691 = ORIENTED_EDGE('',*,*,#692,.T.);
#692 = EDGE_CURVE('',#58,#693,#695,.T.);
#693 = VERTEX_POINT('',#694);
#694 = CARTESIAN_POINT('',(3.,-15.6,5.));
#695 = LINE('',#696,#697);
#696 = CARTESIAN_POINT('',(3.,-15.6,1.));
#697 = VECTOR('',#698,1.);
#698 = DIRECTION('',(0.,0.,1.));
#699 = ORIENTED_EDGE('',*,*,#700,.F.);
#700 = EDGE_CURVE('',#644,#693,#701,.T.);
#701 = CIRCLE('',#702,0.3);
#702 = AXIS2_PLACEMENT_3D('',#703,#704,#705);
#703 = CARTESIAN_POINT('',(2.7,-15.6,5.));
#704 = DIRECTION('',(-0.,0.,1.));
#705 = DIRECTION('',(0.,-1.,0.));
#706 = ORIENTED_EDGE('',*,*,#643,.F.);
#707 = CYLINDRICAL_SURFACE('',#708,0.3);
#708 = AXIS2_PLACEMENT_3D('',#709,#710,#711);
#709 = CARTESIAN_POINT('',(2.7,-15.6,1.));
#710 = DIRECTION('',(0.,0.,1.));
#711 = DIRECTION('',(0.,-1.,0.));
#712 = ADVANCED_FACE('',(#713),#724,.T.);
#713 = FACE_BOUND('',#714,.T.);
#714 = EDGE_LOOP('',(#715,#716,#717,#723));
#715 = ORIENTED_EDGE('',*,*,#57,.T.);
#716 = ORIENTED_EDGE('',*,*,#677,.T.);
#717 = ORIENTED_EDGE('',*,*,#718,.F.);
#718 = EDGE_CURVE('',#693,#669,#719,.T.);
#719 = LINE('',#720,#721);
#720 = CARTESIAN_POINT('',(3.,-15.9,5.));
#721 = VECTOR('',#722,1.);
#722 = DIRECTION('',(0.,1.,0.));
#723 = ORIENTED_EDGE('',*,*,#692,.F.);
#724 = PLANE('',#725);
#725 = AXIS2_PLACEMENT_3D('',#726,#727,#728);
#726 = CARTESIAN_POINT('',(3.,-12.9,3.));
#727 = DIRECTION('',(1.,0.,0.));
#728 = DIRECTION('',(0.,0.,1.));
#729 = ADVANCED_FACE('',(#730),#755,.F.);
#730 = FACE_BOUND('',#731,.F.);
#731 = EDGE_LOOP('',(#732,#733,#741,#749));
#732 = ORIENTED_EDGE('',*,*,#91,.F.);
#733 = ORIENTED_EDGE('',*,*,#734,.T.);
#734 = EDGE_CURVE('',#92,#735,#737,.T.);
#735 = VERTEX_POINT('',#736);
#736 = CARTESIAN_POINT('',(-35.55,50.5,0.));
#737 = LINE('',#738,#739);
#738 = CARTESIAN_POINT('',(-35.55,50.5,1.));
#739 = VECTOR('',#740,1.);
#740 = DIRECTION('',(-0.,-0.,-1.));
#741 = ORIENTED_EDGE('',*,*,#742,.T.);
#742 = EDGE_CURVE('',#735,#743,#745,.T.);
#743 = VERTEX_POINT('',#744);
#744 = CARTESIAN_POINT('',(-26.35,50.5,0.));
#745 = LINE('',#746,#747);
#746 = CARTESIAN_POINT('',(-17.775,50.5,0.));
#747 = VECTOR('',#748,1.);
#748 = DIRECTION('',(1.,0.,0.));
#749 = ORIENTED_EDGE('',*,*,#750,.F.);
#750 = EDGE_CURVE('',#94,#743,#751,.T.);
#751 = LINE('',#752,#753);
#752 = CARTESIAN_POINT('',(-26.35,50.5,1.));
#753 = VECTOR('',#754,1.);
#754 = DIRECTION('',(-0.,-0.,-1.));
#755 = PLANE('',#756);
#756 = AXIS2_PLACEMENT_3D('',#757,#758,#759);
#757 = CARTESIAN_POINT('',(-35.55,50.5,1.));
#758 = DIRECTION('',(0.,-1.,0.));
#759 = DIRECTION('',(1.,0.,0.));
#760 = ADVANCED_FACE('',(#761),#811,.T.);
#761 = FACE_BOUND('',#762,.T.);
#762 = EDGE_LOOP('',(#763,#771,#779,#787,#795,#803,#809,#810));
#763 = ORIENTED_EDGE('',*,*,#764,.T.);
#764 = EDGE_CURVE('',#735,#765,#767,.T.);
#765 = VERTEX_POINT('',#766);
#766 = CARTESIAN_POINT('',(-35.55,-34.1,0.));
#767 = LINE('',#768,#769);
#768 = CARTESIAN_POINT('',(-35.55,51.1,0.));
#769 = VECTOR('',#770,1.);
#770 = DIRECTION('',(0.,-1.,0.));
#771 = ORIENTED_EDGE('',*,*,#772,.T.);
#772 = EDGE_CURVE('',#765,#773,#775,.T.);
#773 = VERTEX_POINT('',#774);
#774 = CARTESIAN_POINT('',(-35.55,-34.1,-0.8));
#775 = LINE('',#776,#777);
#776 = CARTESIAN_POINT('',(-35.55,-34.1,0.));
#777 = VECTOR('',#778,1.);
#778 = DIRECTION('',(0.,0.,-1.));
#779 = ORIENTED_EDGE('',*,*,#780,.F.);
#780 = EDGE_CURVE('',#781,#773,#783,.T.);
#781 = VERTEX_POINT('',#782);
#782 = CARTESIAN_POINT('',(-35.55,-45.1,-0.8));
#783 = LINE('',#784,#785);
#784 = CARTESIAN_POINT('',(-35.55,-45.1,-0.8));
#785 = VECTOR('',#786,1.);
#786 = DIRECTION('',(0.,1.,0.));
#787 = ORIENTED_EDGE('',*,*,#788,.F.);
#788 = EDGE_CURVE('',#789,#781,#791,.T.);
#789 = VERTEX_POINT('',#790);
#790 = CARTESIAN_POINT('',(-35.55,-45.1,0.));
#791 = LINE('',#792,#793);
#792 = CARTESIAN_POINT('',(-35.55,-45.1,0.));
#793 = VECTOR('',#794,1.);
#794 = DIRECTION('',(0.,0.,-1.));
#795 = ORIENTED_EDGE('',*,*,#796,.T.);
#796 = EDGE_CURVE('',#789,#797,#799,.T.);
#797 = VERTEX_POINT('',#798);
#798 = CARTESIAN_POINT('',(-35.55,-51.1,0.));
#799 = LINE('',#800,#801);
#800 = CARTESIAN_POINT('',(-35.55,51.1,0.));
#801 = VECTOR('',#802,1.);
#802 = DIRECTION('',(0.,-1.,0.));
#803 = ORIENTED_EDGE('',*,*,#804,.T.);
#804 = EDGE_CURVE('',#797,#102,#805,.T.);
#805 = LINE('',#806,#807);
#806 = CARTESIAN_POINT('',(-35.55,-51.1,0.));
#807 = VECTOR('',#808,1.);
#808 = DIRECTION('',(0.,0.,1.));
#809 = ORIENTED_EDGE('',*,*,#101,.F.);
#810 = ORIENTED_EDGE('',*,*,#734,.T.);
#811 = PLANE('',#812);
#812 = AXIS2_PLACEMENT_3D('',#813,#814,#815);
#813 = CARTESIAN_POINT('',(-35.55,-0.604061895551,0.450483558994));
#814 = DIRECTION('',(-1.,-0.,-4.62E-15));
#815 = DIRECTION('',(4.62E-15,0.,-1.));
#816 = ADVANCED_FACE('',(#817),#835,.F.);
#817 = FACE_BOUND('',#818,.F.);
#818 = EDGE_LOOP('',(#819,#820,#821,#829));
#819 = ORIENTED_EDGE('',*,*,#358,.F.);
#820 = ORIENTED_EDGE('',*,*,#750,.T.);
#821 = ORIENTED_EDGE('',*,*,#822,.T.);
#822 = EDGE_CURVE('',#743,#823,#825,.T.);
#823 = VERTEX_POINT('',#824);
#824 = CARTESIAN_POINT('',(-26.35,49.5,0.));
#825 = LINE('',#826,#827);
#826 = CARTESIAN_POINT('',(-26.35,25.25,0.));
#827 = VECTOR('',#828,1.);
#828 = DIRECTION('',(0.,-1.,0.));
#829 = ORIENTED_EDGE('',*,*,#830,.F.);
#830 = EDGE_CURVE('',#351,#823,#831,.T.);
#831 = LINE('',#832,#833);
#832 = CARTESIAN_POINT('',(-26.35,49.5,1.));
#833 = VECTOR('',#834,1.);
#834 = DIRECTION('',(-0.,-0.,-1.));
#835 = PLANE('',#836);
#836 = AXIS2_PLACEMENT_3D('',#837,#838,#839);
#837 = CARTESIAN_POINT('',(-26.35,50.5,1.));
#838 = DIRECTION('',(-1.,0.,0.));
#839 = DIRECTION('',(0.,-1.,0.));
#840 = ADVANCED_FACE('',(#841),#859,.F.);
#841 = FACE_BOUND('',#842,.F.);
#842 = EDGE_LOOP('',(#843,#851,#852,#853));
#843 = ORIENTED_EDGE('',*,*,#844,.F.);
#844 = EDGE_CURVE('',#797,#845,#847,.T.);
#845 = VERTEX_POINT('',#846);
#846 = CARTESIAN_POINT('',(12.941742095347,-51.1,0.));
#847 = LINE('',#848,#849);
#848 = CARTESIAN_POINT('',(-35.55,-51.1,0.));
#849 = VECTOR('',#850,1.);
#850 = DIRECTION('',(1.,0.,0.));
#851 = ORIENTED_EDGE('',*,*,#804,.T.);
#852 = ORIENTED_EDGE('',*,*,#109,.T.);
#853 = ORIENTED_EDGE('',*,*,#854,.F.);
#854 = EDGE_CURVE('',#845,#110,#855,.T.);
#855 = LINE('',#856,#857);
#856 = CARTESIAN_POINT('',(12.941742095347,-51.1,1.));
#857 = VECTOR('',#858,1.);
#858 = DIRECTION('',(0.,0.,1.));
#859 = PLANE('',#860);
#860 = AXIS2_PLACEMENT_3D('',#861,#862,#863);
#861 = CARTESIAN_POINT('',(-35.55,-51.1,0.));
#862 = DIRECTION('',(0.,1.,0.));
#863 = DIRECTION('',(1.,0.,0.));
#864 = ADVANCED_FACE('',(#865),#883,.F.);
#865 = FACE_BOUND('',#866,.F.);
#866 = EDGE_LOOP('',(#867,#868,#869,#877));
#867 = ORIENTED_EDGE('',*,*,#350,.F.);
#868 = ORIENTED_EDGE('',*,*,#830,.T.);
#869 = ORIENTED_EDGE('',*,*,#870,.T.);
#870 = EDGE_CURVE('',#823,#871,#873,.T.);
#871 = VERTEX_POINT('',#872);
#872 = CARTESIAN_POINT('',(-24.55,49.5,0.));
#873 = LINE('',#874,#875);
#874 = CARTESIAN_POINT('',(-13.175,49.5,0.));
#875 = VECTOR('',#876,1.);
#876 = DIRECTION('',(1.,0.,0.));
#877 = ORIENTED_EDGE('',*,*,#878,.F.);
#878 = EDGE_CURVE('',#343,#871,#879,.T.);
#879 = LINE('',#880,#881);
#880 = CARTESIAN_POINT('',(-24.55,49.5,1.));
#881 = VECTOR('',#882,1.);
#882 = DIRECTION('',(-0.,-0.,-1.));
#883 = PLANE('',#884);
#884 = AXIS2_PLACEMENT_3D('',#885,#886,#887);
#885 = CARTESIAN_POINT('',(-26.35,49.5,1.));
#886 = DIRECTION('',(0.,-1.,0.));
#887 = DIRECTION('',(1.,0.,0.));
#888 = ADVANCED_FACE('',(#889),#908,.F.);
#889 = FACE_BOUND('',#890,.F.);
#890 = EDGE_LOOP('',(#891,#892,#900,#907));
#891 = ORIENTED_EDGE('',*,*,#117,.F.);
#892 = ORIENTED_EDGE('',*,*,#893,.T.);
#893 = EDGE_CURVE('',#118,#894,#896,.T.);
#894 = VERTEX_POINT('',#895);
#895 = CARTESIAN_POINT('',(26.437632589278,-35.86575660677,0.));
#896 = LINE('',#897,#898);
#897 = CARTESIAN_POINT('',(26.437632589278,-35.86575660677,1.));
#898 = VECTOR('',#899,1.);
#899 = DIRECTION('',(-0.,-0.,-1.));
#900 = ORIENTED_EDGE('',*,*,#901,.T.);
#901 = EDGE_CURVE('',#894,#845,#902,.T.);
#902 = CIRCLE('',#903,12.);
#903 = AXIS2_PLACEMENT_3D('',#904,#905,#906);
#904 = CARTESIAN_POINT('',(24.45,-47.7,0.));
#905 = DIRECTION('',(0.,0.,1.));
#906 = DIRECTION('',(1.,0.,0.));
#907 = ORIENTED_EDGE('',*,*,#854,.T.);
#908 = CYLINDRICAL_SURFACE('',#909,12.);
#909 = AXIS2_PLACEMENT_3D('',#910,#911,#912);
#910 = CARTESIAN_POINT('',(24.45,-47.7,1.));
#911 = DIRECTION('',(0.,0.,1.));
#912 = DIRECTION('',(1.,0.,0.));
#913 = ADVANCED_FACE('',(#914),#932,.F.);
#914 = FACE_BOUND('',#915,.F.);
#915 = EDGE_LOOP('',(#916,#917,#918,#926));
#916 = ORIENTED_EDGE('',*,*,#342,.F.);
#917 = ORIENTED_EDGE('',*,*,#878,.T.);
#918 = ORIENTED_EDGE('',*,*,#919,.T.);
#919 = EDGE_CURVE('',#871,#920,#922,.T.);
#920 = VERTEX_POINT('',#921);
#921 = CARTESIAN_POINT('',(-24.55,50.5,0.));
#922 = LINE('',#923,#924);
#923 = CARTESIAN_POINT('',(-24.55,24.75,0.));
#924 = VECTOR('',#925,1.);
#925 = DIRECTION('',(0.,1.,0.));
#926 = ORIENTED_EDGE('',*,*,#927,.F.);
#927 = EDGE_CURVE('',#335,#920,#928,.T.);
#928 = LINE('',#929,#930);
#929 = CARTESIAN_POINT('',(-24.55,50.5,1.));
#930 = VECTOR('',#931,1.);
#931 = DIRECTION('',(-0.,-0.,-1.));
#932 = PLANE('',#933);
#933 = AXIS2_PLACEMENT_3D('',#934,#935,#936);
#934 = CARTESIAN_POINT('',(-24.55,49.5,1.));
#935 = DIRECTION('',(1.,0.,0.));
#936 = DIRECTION('',(0.,1.,0.));
#937 = ADVANCED_FACE('',(#938),#956,.T.);
#938 = FACE_BOUND('',#939,.T.);
#939 = EDGE_LOOP('',(#940,#941,#942,#950));
#940 = ORIENTED_EDGE('',*,*,#126,.F.);
#941 = ORIENTED_EDGE('',*,*,#893,.T.);
#942 = ORIENTED_EDGE('',*,*,#943,.T.);
#943 = EDGE_CURVE('',#894,#944,#946,.T.);
#944 = VERTEX_POINT('',#945);
#945 = CARTESIAN_POINT('',(35.55,-27.44039475392,0.));
#946 = LINE('',#947,#948);
#947 = CARTESIAN_POINT('',(28.250159951583,-34.18988049168,-1.1E-16));
#948 = VECTOR('',#949,1.);
#949 = DIRECTION('',(0.734243137708,0.678886599314,0.));
#950 = ORIENTED_EDGE('',*,*,#951,.F.);
#951 = EDGE_CURVE('',#127,#944,#952,.T.);
#952 = LINE('',#953,#954);
#953 = CARTESIAN_POINT('',(35.55,-27.44039475392,1.));
#954 = VECTOR('',#955,1.);
#955 = DIRECTION('',(-0.,-0.,-1.));
#956 = PLANE('',#957);
#957 = AXIS2_PLACEMENT_3D('',#958,#959,#960);
#958 = CARTESIAN_POINT('',(26.437632589278,-35.86575660677,1.));
#959 = DIRECTION('',(0.678886599314,-0.734243137708,0.));
#960 = DIRECTION('',(0.734243137708,0.678886599314,0.));
#961 = ADVANCED_FACE('',(#962),#987,.F.);
#962 = FACE_BOUND('',#963,.F.);
#963 = EDGE_LOOP('',(#964,#965,#966,#974,#980,#981));
#964 = ORIENTED_EDGE('',*,*,#334,.F.);
#965 = ORIENTED_EDGE('',*,*,#927,.T.);
#966 = ORIENTED_EDGE('',*,*,#967,.T.);
#967 = EDGE_CURVE('',#920,#968,#970,.T.);
#968 = VERTEX_POINT('',#969);
#969 = CARTESIAN_POINT('',(-9.35,50.5,0.));
#970 = LINE('',#971,#972);
#971 = CARTESIAN_POINT('',(-12.275,50.5,0.));
#972 = VECTOR('',#973,1.);
#973 = DIRECTION('',(1.,0.,0.));
#974 = ORIENTED_EDGE('',*,*,#975,.F.);
#975 = EDGE_CURVE('',#295,#968,#976,.T.);
#976 = LINE('',#977,#978);
#977 = CARTESIAN_POINT('',(-9.35,50.5,1.));
#978 = VECTOR('',#979,1.);
#979 = DIRECTION('',(-0.,-0.,-1.));
#980 = ORIENTED_EDGE('',*,*,#302,.F.);
#981 = ORIENTED_EDGE('',*,*,#982,.F.);
#982 = EDGE_CURVE('',#327,#303,#983,.T.);
#983 = LINE('',#984,#985);
#984 = CARTESIAN_POINT('',(-24.55,50.5,1.));
#985 = VECTOR('',#986,1.);
#986 = DIRECTION('',(1.,0.,0.));
#987 = PLANE('',#988);
#988 = AXIS2_PLACEMENT_3D('',#989,#990,#991);
#989 = CARTESIAN_POINT('',(-24.55,50.5,1.));
#990 = DIRECTION('',(0.,-1.,0.));
#991 = DIRECTION('',(1.,0.,0.));
#992 = ADVANCED_FACE('',(#993),#1011,.F.);
#993 = FACE_BOUND('',#994,.F.);
#994 = EDGE_LOOP('',(#995,#1003,#1004,#1005));
#995 = ORIENTED_EDGE('',*,*,#996,.F.);
#996 = EDGE_CURVE('',#944,#997,#999,.T.);
#997 = VERTEX_POINT('',#998);
#998 = CARTESIAN_POINT('',(35.55,50.5,0.));
#999 = LINE('',#1000,#1001);
#1000 = CARTESIAN_POINT('',(35.55,-51.1,0.));
#1001 = VECTOR('',#1002,1.);
#1002 = DIRECTION('',(0.,1.,0.));
#1003 = ORIENTED_EDGE('',*,*,#951,.F.);
#1004 = ORIENTED_EDGE('',*,*,#134,.T.);
#1005 = ORIENTED_EDGE('',*,*,#1006,.T.);
#1006 = EDGE_CURVE('',#135,#997,#1007,.T.);
#1007 = LINE('',#1008,#1009);
#1008 = CARTESIAN_POINT('',(35.55,50.5,1.));
#1009 = VECTOR('',#1010,1.);
#1010 = DIRECTION('',(-0.,-0.,-1.));
#1011 = PLANE('',#1012);
#1012 = AXIS2_PLACEMENT_3D('',#1013,#1014,#1015);
#1013 = CARTESIAN_POINT('',(35.55,-51.1,0.));
#1014 = DIRECTION('',(-1.,0.,0.));
#1015 = DIRECTION('',(0.,1.,0.));
#1016 = ADVANCED_FACE('',(#1017),#1050,.F.);
#1017 = FACE_BOUND('',#1018,.F.);
#1018 = EDGE_LOOP('',(#1019,#1029,#1037,#1043,#1044));
#1019 = ORIENTED_EDGE('',*,*,#1020,.T.);
#1020 = EDGE_CURVE('',#1021,#1023,#1025,.T.);
#1021 = VERTEX_POINT('',#1022);
#1022 = CARTESIAN_POINT('',(-19.45,51.5,1.));
#1023 = VERTEX_POINT('',#1024);
#1024 = CARTESIAN_POINT('',(-19.45,51.5,5.25));
#1025 = LINE('',#1026,#1027);
#1026 = CARTESIAN_POINT('',(-19.45,51.5,1.));
#1027 = VECTOR('',#1028,1.);
#1028 = DIRECTION('',(0.,0.,1.));
#1029 = ORIENTED_EDGE('',*,*,#1030,.T.);
#1030 = EDGE_CURVE('',#1023,#1031,#1033,.T.);
#1031 = VERTEX_POINT('',#1032);
#1032 = CARTESIAN_POINT('',(-19.45,41.2,5.25));
#1033 = LINE('',#1034,#1035);
#1034 = CARTESIAN_POINT('',(-19.45,51.5,5.25));
#1035 = VECTOR('',#1036,1.);
#1036 = DIRECTION('',(0.,-1.,0.));
#1037 = ORIENTED_EDGE('',*,*,#1038,.F.);
#1038 = EDGE_CURVE('',#319,#1031,#1039,.T.);
#1039 = LINE('',#1040,#1041);
#1040 = CARTESIAN_POINT('',(-19.45,41.2,1.));
#1041 = VECTOR('',#1042,1.);
#1042 = DIRECTION('',(0.,0.,1.));
#1043 = ORIENTED_EDGE('',*,*,#326,.F.);
#1044 = ORIENTED_EDGE('',*,*,#1045,.F.);
#1045 = EDGE_CURVE('',#1021,#327,#1046,.T.);
#1046 = LINE('',#1047,#1048);
#1047 = CARTESIAN_POINT('',(-19.45,51.5,1.));
#1048 = VECTOR('',#1049,1.);
#1049 = DIRECTION('',(0.,-1.,0.));
#1050 = PLANE('',#1051);
#1051 = AXIS2_PLACEMENT_3D('',#1052,#1053,#1054);
#1052 = CARTESIAN_POINT('',(-19.45,51.5,1.));
#1053 = DIRECTION('',(1.,0.,0.));
#1054 = DIRECTION('',(0.,-1.,0.));
#1055 = ADVANCED_FACE('',(#1056),#1074,.T.);
#1056 = FACE_BOUND('',#1057,.T.);
#1057 = EDGE_LOOP('',(#1058,#1059,#1060,#1068));
#1058 = ORIENTED_EDGE('',*,*,#142,.F.);
#1059 = ORIENTED_EDGE('',*,*,#1006,.T.);
#1060 = ORIENTED_EDGE('',*,*,#1061,.T.);
#1061 = EDGE_CURVE('',#997,#1062,#1064,.T.);
#1062 = VERTEX_POINT('',#1063);
#1063 = CARTESIAN_POINT('',(33.55,50.5,0.));
#1064 = LINE('',#1065,#1066);
#1065 = CARTESIAN_POINT('',(17.775,50.5,0.));
#1066 = VECTOR('',#1067,1.);
#1067 = DIRECTION('',(-1.,0.,0.));
#1068 = ORIENTED_EDGE('',*,*,#1069,.F.);
#1069 = EDGE_CURVE('',#143,#1062,#1070,.T.);
#1070 = LINE('',#1071,#1072);
#1071 = CARTESIAN_POINT('',(33.55,50.5,1.));
#1072 = VECTOR('',#1073,1.);
#1073 = DIRECTION('',(0.,0.,-1.));
#1074 = PLANE('',#1075);
#1075 = AXIS2_PLACEMENT_3D('',#1076,#1077,#1078);
#1076 = CARTESIAN_POINT('',(35.55,50.5,1.));
#1077 = DIRECTION('',(0.,1.,0.));
#1078 = DIRECTION('',(-1.,0.,0.));
#1079 = ADVANCED_FACE('',(#1080),#1098,.F.);
#1080 = FACE_BOUND('',#1081,.F.);
#1081 = EDGE_LOOP('',(#1082,#1083,#1091,#1097));
#1082 = ORIENTED_EDGE('',*,*,#1038,.T.);
#1083 = ORIENTED_EDGE('',*,*,#1084,.T.);
#1084 = EDGE_CURVE('',#1031,#1085,#1087,.T.);
#1085 = VERTEX_POINT('',#1086);
#1086 = CARTESIAN_POINT('',(-14.45,41.2,5.25));
#1087 = LINE('',#1088,#1089);
#1088 = CARTESIAN_POINT('',(-19.45,41.2,5.25));
#1089 = VECTOR('',#1090,1.);
#1090 = DIRECTION('',(1.,0.,0.));
#1091 = ORIENTED_EDGE('',*,*,#1092,.F.);
#1092 = EDGE_CURVE('',#311,#1085,#1093,.T.);
#1093 = LINE('',#1094,#1095);
#1094 = CARTESIAN_POINT('',(-14.45,41.2,1.));
#1095 = VECTOR('',#1096,1.);
#1096 = DIRECTION('',(0.,0.,1.));
#1097 = ORIENTED_EDGE('',*,*,#318,.F.);
#1098 = PLANE('',#1099);
#1099 = AXIS2_PLACEMENT_3D('',#1100,#1101,#1102);
#1100 = CARTESIAN_POINT('',(-19.45,41.2,1.));
#1101 = DIRECTION('',(0.,1.,0.));
#1102 = DIRECTION('',(1.,0.,0.));
#1103 = ADVANCED_FACE('',(#1104),#1122,.F.);
#1104 = FACE_BOUND('',#1105,.F.);
#1105 = EDGE_LOOP('',(#1106,#1107,#1115,#1121));
#1106 = ORIENTED_EDGE('',*,*,#150,.F.);
#1107 = ORIENTED_EDGE('',*,*,#1108,.T.);
#1108 = EDGE_CURVE('',#151,#1109,#1111,.T.);
#1109 = VERTEX_POINT('',#1110);
#1110 = CARTESIAN_POINT('',(33.55,49.5,0.));
#1111 = LINE('',#1112,#1113);
#1112 = CARTESIAN_POINT('',(33.55,49.5,1.));
#1113 = VECTOR('',#1114,1.);
#1114 = DIRECTION('',(-0.,-0.,-1.));
#1115 = ORIENTED_EDGE('',*,*,#1116,.T.);
#1116 = EDGE_CURVE('',#1109,#1062,#1117,.T.);
#1117 = LINE('',#1118,#1119);
#1118 = CARTESIAN_POINT('',(33.55,24.75,0.));
#1119 = VECTOR('',#1120,1.);
#1120 = DIRECTION('',(0.,1.,0.));
#1121 = ORIENTED_EDGE('',*,*,#1069,.F.);
#1122 = PLANE('',#1123);
#1123 = AXIS2_PLACEMENT_3D('',#1124,#1125,#1126);
#1124 = CARTESIAN_POINT('',(33.55,49.5,1.));
#1125 = DIRECTION('',(1.,0.,0.));
#1126 = DIRECTION('',(0.,1.,0.));
#1127 = ADVANCED_FACE('',(#1128),#1154,.F.);
#1128 = FACE_BOUND('',#1129,.F.);
#1129 = EDGE_LOOP('',(#1130,#1131,#1139,#1147,#1153));
#1130 = ORIENTED_EDGE('',*,*,#1092,.T.);
#1131 = ORIENTED_EDGE('',*,*,#1132,.T.);
#1132 = EDGE_CURVE('',#1085,#1133,#1135,.T.);
#1133 = VERTEX_POINT('',#1134);
#1134 = CARTESIAN_POINT('',(-14.45,51.5,5.25));
#1135 = LINE('',#1136,#1137);
#1136 = CARTESIAN_POINT('',(-14.45,41.2,5.25));
#1137 = VECTOR('',#1138,1.);
#1138 = DIRECTION('',(0.,1.,0.));
#1139 = ORIENTED_EDGE('',*,*,#1140,.F.);
#1140 = EDGE_CURVE('',#1141,#1133,#1143,.T.);
#1141 = VERTEX_POINT('',#1142);
#1142 = CARTESIAN_POINT('',(-14.45,51.5,1.));
#1143 = LINE('',#1144,#1145);
#1144 = CARTESIAN_POINT('',(-14.45,51.5,1.));
#1145 = VECTOR('',#1146,1.);
#1146 = DIRECTION('',(0.,0.,1.));
#1147 = ORIENTED_EDGE('',*,*,#1148,.F.);
#1148 = EDGE_CURVE('',#303,#1141,#1149,.T.);
#1149 = LINE('',#1150,#1151);
#1150 = CARTESIAN_POINT('',(-14.45,41.2,1.));
#1151 = VECTOR('',#1152,1.);
#1152 = DIRECTION('',(0.,1.,0.));
#1153 = ORIENTED_EDGE('',*,*,#310,.F.);
#1154 = PLANE('',#1155);
#1155 = AXIS2_PLACEMENT_3D('',#1156,#1157,#1158);
#1156 = CARTESIAN_POINT('',(-14.45,41.2,1.));
#1157 = DIRECTION('',(-1.,0.,0.));
#1158 = DIRECTION('',(0.,1.,0.));
#1159 = ADVANCED_FACE('',(#1160),#1178,.F.);
#1160 = FACE_BOUND('',#1161,.F.);
#1161 = EDGE_LOOP('',(#1162,#1163,#1171,#1177));
#1162 = ORIENTED_EDGE('',*,*,#158,.F.);
#1163 = ORIENTED_EDGE('',*,*,#1164,.T.);
#1164 = EDGE_CURVE('',#159,#1165,#1167,.T.);
#1165 = VERTEX_POINT('',#1166);
#1166 = CARTESIAN_POINT('',(31.95,49.5,0.));
#1167 = LINE('',#1168,#1169);
#1168 = CARTESIAN_POINT('',(31.95,49.5,1.));
#1169 = VECTOR('',#1170,1.);
#1170 = DIRECTION('',(-0.,-0.,-1.));
#1171 = ORIENTED_EDGE('',*,*,#1172,.T.);
#1172 = EDGE_CURVE('',#1165,#1109,#1173,.T.);
#1173 = LINE('',#1174,#1175);
#1174 = CARTESIAN_POINT('',(15.975,49.5,0.));
#1175 = VECTOR('',#1176,1.);
#1176 = DIRECTION('',(1.,0.,0.));
#1177 = ORIENTED_EDGE('',*,*,#1108,.F.);
#1178 = PLANE('',#1179);
#1179 = AXIS2_PLACEMENT_3D('',#1180,#1181,#1182);
#1180 = CARTESIAN_POINT('',(31.95,49.5,1.));
#1181 = DIRECTION('',(0.,-1.,0.));
#1182 = DIRECTION('',(1.,0.,0.));
#1183 = ADVANCED_FACE('',(#1184),#1202,.F.);
#1184 = FACE_BOUND('',#1185,.F.);
#1185 = EDGE_LOOP('',(#1186,#1187,#1195,#1201));
#1186 = ORIENTED_EDGE('',*,*,#166,.F.);
#1187 = ORIENTED_EDGE('',*,*,#1188,.F.);
#1188 = EDGE_CURVE('',#1189,#167,#1191,.T.);
#1189 = VERTEX_POINT('',#1190);
#1190 = CARTESIAN_POINT('',(31.95,50.5,0.));
#1191 = LINE('',#1192,#1193);
#1192 = CARTESIAN_POINT('',(31.95,50.5,1.));
#1193 = VECTOR('',#1194,1.);
#1194 = DIRECTION('',(0.,0.,1.));
#1195 = ORIENTED_EDGE('',*,*,#1196,.T.);
#1196 = EDGE_CURVE('',#1189,#1165,#1197,.T.);
#1197 = LINE('',#1198,#1199);
#1198 = CARTESIAN_POINT('',(31.95,25.9467965,0.));
#1199 = VECTOR('',#1200,1.);
#1200 = DIRECTION('',(0.,-1.,0.));
#1201 = ORIENTED_EDGE('',*,*,#1164,.F.);
#1202 = PLANE('',#1203);
#1203 = AXIS2_PLACEMENT_3D('',#1204,#1205,#1206);
#1204 = CARTESIAN_POINT('',(31.95,51.893593,1.));
#1205 = DIRECTION('',(-1.,0.,0.));
#1206 = DIRECTION('',(0.,-1.,0.));
#1207 = ADVANCED_FACE('',(#1208),#1226,.F.);
#1208 = FACE_BOUND('',#1209,.F.);
#1209 = EDGE_LOOP('',(#1210,#1211,#1212,#1220));
#1210 = ORIENTED_EDGE('',*,*,#294,.F.);
#1211 = ORIENTED_EDGE('',*,*,#975,.T.);
#1212 = ORIENTED_EDGE('',*,*,#1213,.T.);
#1213 = EDGE_CURVE('',#968,#1214,#1216,.T.);
#1214 = VERTEX_POINT('',#1215);
#1215 = CARTESIAN_POINT('',(-9.35,49.5,0.));
#1216 = LINE('',#1217,#1218);
#1217 = CARTESIAN_POINT('',(-9.35,25.25,0.));
#1218 = VECTOR('',#1219,1.);
#1219 = DIRECTION('',(0.,-1.,0.));
#1220 = ORIENTED_EDGE('',*,*,#1221,.F.);
#1221 = EDGE_CURVE('',#287,#1214,#1222,.T.);
#1222 = LINE('',#1223,#1224);
#1223 = CARTESIAN_POINT('',(-9.35,49.5,1.));
#1224 = VECTOR('',#1225,1.);
#1225 = DIRECTION('',(-0.,-0.,-1.));
#1226 = PLANE('',#1227);
#1227 = AXIS2_PLACEMENT_3D('',#1228,#1229,#1230);
#1228 = CARTESIAN_POINT('',(-9.35,50.5,1.));
#1229 = DIRECTION('',(-1.,0.,0.));
#1230 = DIRECTION('',(0.,-1.,0.));
#1231 = ADVANCED_FACE('',(#1232),#1250,.T.);
#1232 = FACE_BOUND('',#1233,.T.);
#1233 = EDGE_LOOP('',(#1234,#1235,#1236,#1244));
#1234 = ORIENTED_EDGE('',*,*,#174,.F.);
#1235 = ORIENTED_EDGE('',*,*,#1188,.F.);
#1236 = ORIENTED_EDGE('',*,*,#1237,.T.);
#1237 = EDGE_CURVE('',#1189,#1238,#1240,.T.);
#1238 = VERTEX_POINT('',#1239);
#1239 = CARTESIAN_POINT('',(25.55,50.5,0.));
#1240 = LINE('',#1241,#1242);
#1241 = CARTESIAN_POINT('',(17.775,50.5,0.));
#1242 = VECTOR('',#1243,1.);
#1243 = DIRECTION('',(-1.,0.,0.));
#1244 = ORIENTED_EDGE('',*,*,#1245,.F.);
#1245 = EDGE_CURVE('',#175,#1238,#1246,.T.);
#1246 = LINE('',#1247,#1248);
#1247 = CARTESIAN_POINT('',(25.55,50.5,1.));
#1248 = VECTOR('',#1249,1.);
#1249 = DIRECTION('',(-0.,-0.,-1.));
#1250 = PLANE('',#1251);
#1251 = AXIS2_PLACEMENT_3D('',#1252,#1253,#1254);
#1252 = CARTESIAN_POINT('',(35.55,50.5,1.));
#1253 = DIRECTION('',(0.,1.,0.));
#1254 = DIRECTION('',(-1.,0.,0.));
#1255 = ADVANCED_FACE('',(#1256),#1274,.T.);
#1256 = FACE_BOUND('',#1257,.T.);
#1257 = EDGE_LOOP('',(#1258,#1259,#1267,#1273));
#1258 = ORIENTED_EDGE('',*,*,#286,.T.);
#1259 = ORIENTED_EDGE('',*,*,#1260,.T.);
#1260 = EDGE_CURVE('',#279,#1261,#1263,.T.);
#1261 = VERTEX_POINT('',#1262);
#1262 = CARTESIAN_POINT('',(9.3,49.5,0.));
#1263 = LINE('',#1264,#1265);
#1264 = CARTESIAN_POINT('',(9.3,49.5,1.));
#1265 = VECTOR('',#1266,1.);
#1266 = DIRECTION('',(-0.,-0.,-1.));
#1267 = ORIENTED_EDGE('',*,*,#1268,.F.);
#1268 = EDGE_CURVE('',#1214,#1261,#1269,.T.);
#1269 = LINE('',#1270,#1271);
#1270 = CARTESIAN_POINT('',(-4.675,49.5,0.));
#1271 = VECTOR('',#1272,1.);
#1272 = DIRECTION('',(1.,0.,0.));
#1273 = ORIENTED_EDGE('',*,*,#1221,.F.);
#1274 = PLANE('',#1275);
#1275 = AXIS2_PLACEMENT_3D('',#1276,#1277,#1278);
#1276 = CARTESIAN_POINT('',(-2.500000000009E-02,49.5,0.5));
#1277 = DIRECTION('',(-1.25E-15,1.,0.));
#1278 = DIRECTION('',(1.,1.25E-15,0.));
#1279 = ADVANCED_FACE('',(#1280),#1298,.F.);
#1280 = FACE_BOUND('',#1281,.F.);
#1281 = EDGE_LOOP('',(#1282,#1283,#1291,#1297));
#1282 = ORIENTED_EDGE('',*,*,#182,.F.);
#1283 = ORIENTED_EDGE('',*,*,#1284,.T.);
#1284 = EDGE_CURVE('',#183,#1285,#1287,.T.);
#1285 = VERTEX_POINT('',#1286);
#1286 = CARTESIAN_POINT('',(25.55,49.500000000008,0.));
#1287 = LINE('',#1288,#1289);
#1288 = CARTESIAN_POINT('',(25.55,49.500000000008,1.));
#1289 = VECTOR('',#1290,1.);
#1290 = DIRECTION('',(-0.,-0.,-1.));
#1291 = ORIENTED_EDGE('',*,*,#1292,.T.);
#1292 = EDGE_CURVE('',#1285,#1238,#1293,.T.);
#1293 = LINE('',#1294,#1295);
#1294 = CARTESIAN_POINT('',(25.55,24.750000000004,0.));
#1295 = VECTOR('',#1296,1.);
#1296 = DIRECTION('',(0.,1.,0.));
#1297 = ORIENTED_EDGE('',*,*,#1245,.F.);
#1298 = PLANE('',#1299);
#1299 = AXIS2_PLACEMENT_3D('',#1300,#1301,#1302);
#1300 = CARTESIAN_POINT('',(25.55,49.500000000008,1.));
#1301 = DIRECTION('',(1.,0.,0.));
#1302 = DIRECTION('',(0.,1.,0.));
#1303 = ADVANCED_FACE('',(#1304),#1322,.F.);
#1304 = FACE_BOUND('',#1305,.F.);
#1305 = EDGE_LOOP('',(#1306,#1307,#1308,#1316));
#1306 = ORIENTED_EDGE('',*,*,#278,.F.);
#1307 = ORIENTED_EDGE('',*,*,#1260,.T.);
#1308 = ORIENTED_EDGE('',*,*,#1309,.T.);
#1309 = EDGE_CURVE('',#1261,#1310,#1312,.T.);
#1310 = VERTEX_POINT('',#1311);
#1311 = CARTESIAN_POINT('',(9.3,50.5,0.));
#1312 = LINE('',#1313,#1314);
#1313 = CARTESIAN_POINT('',(9.3,24.75,0.));
#1314 = VECTOR('',#1315,1.);
#1315 = DIRECTION('',(0.,1.,0.));
#1316 = ORIENTED_EDGE('',*,*,#1317,.F.);
#1317 = EDGE_CURVE('',#271,#1310,#1318,.T.);
#1318 = LINE('',#1319,#1320);
#1319 = CARTESIAN_POINT('',(9.3,50.5,1.));
#1320 = VECTOR('',#1321,1.);
#1321 = DIRECTION('',(-0.,-0.,-1.));
#1322 = PLANE('',#1323);
#1323 = AXIS2_PLACEMENT_3D('',#1324,#1325,#1326);
#1324 = CARTESIAN_POINT('',(9.3,49.5,1.));
#1325 = DIRECTION('',(1.,0.,0.));
#1326 = DIRECTION('',(0.,1.,0.));
#1327 = ADVANCED_FACE('',(#1328),#1353,.F.);
#1328 = FACE_BOUND('',#1329,.F.);
#1329 = EDGE_LOOP('',(#1330,#1331,#1339,#1345,#1346,#1347));
#1330 = ORIENTED_EDGE('',*,*,#254,.F.);
#1331 = ORIENTED_EDGE('',*,*,#1332,.T.);
#1332 = EDGE_CURVE('',#255,#1333,#1335,.T.);
#1333 = VERTEX_POINT('',#1334);
#1334 = CARTESIAN_POINT('',(15.75,49.500000000008,0.));
#1335 = LINE('',#1336,#1337);
#1336 = CARTESIAN_POINT('',(15.75,49.500000000008,1.));
#1337 = VECTOR('',#1338,1.);
#1338 = DIRECTION('',(-0.,-0.,-1.));
#1339 = ORIENTED_EDGE('',*,*,#1340,.T.);
#1340 = EDGE_CURVE('',#1333,#1285,#1341,.T.);
#1341 = LINE('',#1342,#1343);
#1342 = CARTESIAN_POINT('',(7.875,49.500000000008,0.));
#1343 = VECTOR('',#1344,1.);
#1344 = DIRECTION('',(1.,0.,0.));
#1345 = ORIENTED_EDGE('',*,*,#1284,.F.);
#1346 = ORIENTED_EDGE('',*,*,#190,.F.);
#1347 = ORIENTED_EDGE('',*,*,#1348,.F.);
#1348 = EDGE_CURVE('',#247,#191,#1349,.T.);
#1349 = LINE('',#1350,#1351);
#1350 = CARTESIAN_POINT('',(15.75,49.500000000008,1.));
#1351 = VECTOR('',#1352,1.);
#1352 = DIRECTION('',(1.,0.,0.));
#1353 = PLANE('',#1354);
#1354 = AXIS2_PLACEMENT_3D('',#1355,#1356,#1357);
#1355 = CARTESIAN_POINT('',(15.75,49.500000000008,1.));
#1356 = DIRECTION('',(0.,-1.,0.));
#1357 = DIRECTION('',(1.,0.,0.));
#1358 = ADVANCED_FACE('',(#1359),#1377,.F.);
#1359 = FACE_BOUND('',#1360,.F.);
#1360 = EDGE_LOOP('',(#1361,#1362,#1363,#1371));
#1361 = ORIENTED_EDGE('',*,*,#270,.F.);
#1362 = ORIENTED_EDGE('',*,*,#1317,.T.);
#1363 = ORIENTED_EDGE('',*,*,#1364,.T.);
#1364 = EDGE_CURVE('',#1310,#1365,#1367,.T.);
#1365 = VERTEX_POINT('',#1366);
#1366 = CARTESIAN_POINT('',(15.75,50.5,0.));
#1367 = LINE('',#1368,#1369);
#1368 = CARTESIAN_POINT('',(4.65,50.5,0.));
#1369 = VECTOR('',#1370,1.);
#1370 = DIRECTION('',(1.,0.,0.));
#1371 = ORIENTED_EDGE('',*,*,#1372,.F.);
#1372 = EDGE_CURVE('',#263,#1365,#1373,.T.);
#1373 = LINE('',#1374,#1375);
#1374 = CARTESIAN_POINT('',(15.75,50.5,1.));
#1375 = VECTOR('',#1376,1.);
#1376 = DIRECTION('',(-0.,-0.,-1.));
#1377 = PLANE('',#1378);
#1378 = AXIS2_PLACEMENT_3D('',#1379,#1380,#1381);
#1379 = CARTESIAN_POINT('',(9.3,50.5,1.));
#1380 = DIRECTION('',(0.,-1.,0.));
#1381 = DIRECTION('',(1.,0.,0.));
#1382 = ADVANCED_FACE('',(#1383),#1416,.F.);
#1383 = FACE_BOUND('',#1384,.F.);
#1384 = EDGE_LOOP('',(#1385,#1395,#1403,#1409,#1410));
#1385 = ORIENTED_EDGE('',*,*,#1386,.T.);
#1386 = EDGE_CURVE('',#1387,#1389,#1391,.T.);
#1387 = VERTEX_POINT('',#1388);
#1388 = CARTESIAN_POINT('',(20.15,49.300000000008,2.5));
#1389 = VERTEX_POINT('',#1390);
#1390 = CARTESIAN_POINT('',(20.15,50.800000000008,2.5));
#1391 = LINE('',#1392,#1393);
#1392 = CARTESIAN_POINT('',(20.15,49.300000000008,2.5));
#1393 = VECTOR('',#1394,1.);
#1394 = DIRECTION('',(0.,1.,-2.2E-16));
#1395 = ORIENTED_EDGE('',*,*,#1396,.T.);
#1396 = EDGE_CURVE('',#1389,#1397,#1399,.T.);
#1397 = VERTEX_POINT('',#1398);
#1398 = CARTESIAN_POINT('',(20.15,50.800000000008,1.));
#1399 = LINE('',#1400,#1401);
#1400 = CARTESIAN_POINT('',(20.15,50.800000000008,2.5));
#1401 = VECTOR('',#1402,1.);
#1402 = DIRECTION('',(0.,0.,-1.));
#1403 = ORIENTED_EDGE('',*,*,#1404,.F.);
#1404 = EDGE_CURVE('',#191,#1397,#1405,.T.);
#1405 = LINE('',#1406,#1407);
#1406 = CARTESIAN_POINT('',(20.15,49.300000000008,1.));
#1407 = VECTOR('',#1408,1.);
#1408 = DIRECTION('',(0.,1.,-2.2E-16));
#1409 = ORIENTED_EDGE('',*,*,#198,.F.);
#1410 = ORIENTED_EDGE('',*,*,#1411,.F.);
#1411 = EDGE_CURVE('',#1387,#199,#1412,.T.);
#1412 = LINE('',#1413,#1414);
#1413 = CARTESIAN_POINT('',(20.15,49.300000000008,2.5));
#1414 = VECTOR('',#1415,1.);
#1415 = DIRECTION('',(0.,0.,-1.));
#1416 = PLANE('',#1417);
#1417 = AXIS2_PLACEMENT_3D('',#1418,#1419,#1420);
#1418 = CARTESIAN_POINT('',(20.15,49.300000000008,2.5));
#1419 = DIRECTION('',(-1.,0.,0.));
#1420 = DIRECTION('',(0.,-2.2E-16,-1.));
#1421 = ADVANCED_FACE('',(#1422),#1433,.F.);
#1422 = FACE_BOUND('',#1423,.F.);
#1423 = EDGE_LOOP('',(#1424,#1425,#1426,#1432));
#1424 = ORIENTED_EDGE('',*,*,#262,.F.);
#1425 = ORIENTED_EDGE('',*,*,#1372,.T.);
#1426 = ORIENTED_EDGE('',*,*,#1427,.T.);
#1427 = EDGE_CURVE('',#1365,#1333,#1428,.T.);
#1428 = LINE('',#1429,#1430);
#1429 = CARTESIAN_POINT('',(15.75,25.25,0.));
#1430 = VECTOR('',#1431,1.);
#1431 = DIRECTION('',(0.,-1.,0.));
#1432 = ORIENTED_EDGE('',*,*,#1332,.F.);
#1433 = PLANE('',#1434);
#1434 = AXIS2_PLACEMENT_3D('',#1435,#1436,#1437);
#1435 = CARTESIAN_POINT('',(15.75,50.5,1.));
#1436 = DIRECTION('',(-1.,0.,0.));
#1437 = DIRECTION('',(0.,-1.,0.));
#1438 = ADVANCED_FACE('',(#1439),#1457,.F.);
#1439 = FACE_BOUND('',#1440,.F.);
#1440 = EDGE_LOOP('',(#1441,#1442,#1450,#1456));
#1441 = ORIENTED_EDGE('',*,*,#206,.F.);
#1442 = ORIENTED_EDGE('',*,*,#1443,.T.);
#1443 = EDGE_CURVE('',#207,#1444,#1446,.T.);
#1444 = VERTEX_POINT('',#1445);
#1445 = CARTESIAN_POINT('',(23.95,49.300000000008,2.5));
#1446 = LINE('',#1447,#1448);
#1447 = CARTESIAN_POINT('',(23.95,49.300000000008,1.));
#1448 = VECTOR('',#1449,1.);
#1449 = DIRECTION('',(0.,0.,1.));
#1450 = ORIENTED_EDGE('',*,*,#1451,.T.);
#1451 = EDGE_CURVE('',#1444,#1387,#1452,.T.);
#1452 = LINE('',#1453,#1454);
#1453 = CARTESIAN_POINT('',(23.95,49.300000000008,2.5));
#1454 = VECTOR('',#1455,1.);
#1455 = DIRECTION('',(-1.,0.,0.));
#1456 = ORIENTED_EDGE('',*,*,#1411,.T.);
#1457 = PLANE('',#1458);
#1458 = AXIS2_PLACEMENT_3D('',#1459,#1460,#1461);
#1459 = CARTESIAN_POINT('',(23.95,49.300000000008,1.));
#1460 = DIRECTION('',(0.,-1.,0.));
#1461 = DIRECTION('',(-1.,0.,0.));
#1462 = ADVANCED_FACE('',(#1463),#1481,.F.);
#1463 = FACE_BOUND('',#1464,.F.);
#1464 = EDGE_LOOP('',(#1465,#1473,#1479,#1480));
#1465 = ORIENTED_EDGE('',*,*,#1466,.T.);
#1466 = EDGE_CURVE('',#215,#1467,#1469,.T.);
#1467 = VERTEX_POINT('',#1468);
#1468 = CARTESIAN_POINT('',(23.95,46.550000000008,2.5));
#1469 = LINE('',#1470,#1471);
#1470 = CARTESIAN_POINT('',(23.95,46.550000000008,1.));
#1471 = VECTOR('',#1472,1.);
#1472 = DIRECTION('',(0.,0.,1.));
#1473 = ORIENTED_EDGE('',*,*,#1474,.T.);
#1474 = EDGE_CURVE('',#1467,#1444,#1475,.T.);
#1475 = LINE('',#1476,#1477);
#1476 = CARTESIAN_POINT('',(23.95,46.550000000008,2.5));
#1477 = VECTOR('',#1478,1.);
#1478 = DIRECTION('',(0.,1.,0.));
#1479 = ORIENTED_EDGE('',*,*,#1443,.F.);
#1480 = ORIENTED_EDGE('',*,*,#214,.F.);
#1481 = PLANE('',#1482);
#1482 = AXIS2_PLACEMENT_3D('',#1483,#1484,#1485);
#1483 = CARTESIAN_POINT('',(23.95,46.550000000008,1.));
#1484 = DIRECTION('',(-1.,0.,0.));
#1485 = DIRECTION('',(0.,1.,0.));
#1486 = ADVANCED_FACE('',(#1487),#1520,.F.);
#1487 = FACE_BOUND('',#1488,.F.);
#1488 = EDGE_LOOP('',(#1489,#1490,#1498,#1506,#1514));
#1489 = ORIENTED_EDGE('',*,*,#246,.T.);
#1490 = ORIENTED_EDGE('',*,*,#1491,.T.);
#1491 = EDGE_CURVE('',#247,#1492,#1494,.T.);
#1492 = VERTEX_POINT('',#1493);
#1493 = CARTESIAN_POINT('',(18.85,50.800000000008,1.));
#1494 = LINE('',#1495,#1496);
#1495 = CARTESIAN_POINT('',(18.85,49.300000000008,1.));
#1496 = VECTOR('',#1497,1.);
#1497 = DIRECTION('',(0.,1.,-2.2E-16));
#1498 = ORIENTED_EDGE('',*,*,#1499,.T.);
#1499 = EDGE_CURVE('',#1492,#1500,#1502,.T.);
#1500 = VERTEX_POINT('',#1501);
#1501 = CARTESIAN_POINT('',(18.85,50.800000000008,2.5));
#1502 = LINE('',#1503,#1504);
#1503 = CARTESIAN_POINT('',(18.85,50.800000000008,1.));
#1504 = VECTOR('',#1505,1.);
#1505 = DIRECTION('',(0.,0.,1.));
#1506 = ORIENTED_EDGE('',*,*,#1507,.F.);
#1507 = EDGE_CURVE('',#1508,#1500,#1510,.T.);
#1508 = VERTEX_POINT('',#1509);
#1509 = CARTESIAN_POINT('',(18.85,49.300000000008,2.5));
#1510 = LINE('',#1511,#1512);
#1511 = CARTESIAN_POINT('',(18.85,49.300000000008,2.5));
#1512 = VECTOR('',#1513,1.);
#1513 = DIRECTION('',(0.,1.,-2.2E-16));
#1514 = ORIENTED_EDGE('',*,*,#1515,.F.);
#1515 = EDGE_CURVE('',#239,#1508,#1516,.T.);
#1516 = LINE('',#1517,#1518);
#1517 = CARTESIAN_POINT('',(18.85,49.300000000008,1.));
#1518 = VECTOR('',#1519,1.);
#1519 = DIRECTION('',(0.,0.,1.));
#1520 = PLANE('',#1521);
#1521 = AXIS2_PLACEMENT_3D('',#1522,#1523,#1524);
#1522 = CARTESIAN_POINT('',(18.85,49.300000000008,1.));
#1523 = DIRECTION('',(1.,0.,0.));
#1524 = DIRECTION('',(0.,2.2E-16,1.));
#1525 = ADVANCED_FACE('',(#1526),#1544,.F.);
#1526 = FACE_BOUND('',#1527,.F.);
#1527 = EDGE_LOOP('',(#1528,#1536,#1542,#1543));
#1528 = ORIENTED_EDGE('',*,*,#1529,.T.);
#1529 = EDGE_CURVE('',#223,#1530,#1532,.T.);
#1530 = VERTEX_POINT('',#1531);
#1531 = CARTESIAN_POINT('',(16.95,46.550000000008,2.5));
#1532 = LINE('',#1533,#1534);
#1533 = CARTESIAN_POINT('',(16.95,46.550000000008,1.));
#1534 = VECTOR('',#1535,1.);
#1535 = DIRECTION('',(0.,0.,1.));
#1536 = ORIENTED_EDGE('',*,*,#1537,.T.);
#1537 = EDGE_CURVE('',#1530,#1467,#1538,.T.);
#1538 = LINE('',#1539,#1540);
#1539 = CARTESIAN_POINT('',(16.95,46.550000000008,2.5));
#1540 = VECTOR('',#1541,1.);
#1541 = DIRECTION('',(1.,0.,0.));
#1542 = ORIENTED_EDGE('',*,*,#1466,.F.);
#1543 = ORIENTED_EDGE('',*,*,#222,.F.);
#1544 = PLANE('',#1545);
#1545 = AXIS2_PLACEMENT_3D('',#1546,#1547,#1548);
#1546 = CARTESIAN_POINT('',(16.95,46.550000000008,1.));
#1547 = DIRECTION('',(0.,1.,0.));
#1548 = DIRECTION('',(1.,0.,0.));
#1549 = ADVANCED_FACE('',(#1550),#1568,.F.);
#1550 = FACE_BOUND('',#1551,.F.);
#1551 = EDGE_LOOP('',(#1552,#1553,#1554,#1562));
#1552 = ORIENTED_EDGE('',*,*,#238,.F.);
#1553 = ORIENTED_EDGE('',*,*,#1515,.T.);
#1554 = ORIENTED_EDGE('',*,*,#1555,.T.);
#1555 = EDGE_CURVE('',#1508,#1556,#1558,.T.);
#1556 = VERTEX_POINT('',#1557);
#1557 = CARTESIAN_POINT('',(16.95,49.300000000008,2.5));
#1558 = LINE('',#1559,#1560);
#1559 = CARTESIAN_POINT('',(23.95,49.300000000008,2.5));
#1560 = VECTOR('',#1561,1.);
#1561 = DIRECTION('',(-1.,0.,0.));
#1562 = ORIENTED_EDGE('',*,*,#1563,.F.);
#1563 = EDGE_CURVE('',#231,#1556,#1564,.T.);
#1564 = LINE('',#1565,#1566);
#1565 = CARTESIAN_POINT('',(16.95,49.300000000008,1.));
#1566 = VECTOR('',#1567,1.);
#1567 = DIRECTION('',(0.,0.,1.));
#1568 = PLANE('',#1569);
#1569 = AXIS2_PLACEMENT_3D('',#1570,#1571,#1572);
#1570 = CARTESIAN_POINT('',(23.95,49.300000000008,1.));
#1571 = DIRECTION('',(0.,-1.,0.));
#1572 = DIRECTION('',(-1.,0.,0.));
#1573 = ADVANCED_FACE('',(#1574),#1585,.F.);
#1574 = FACE_BOUND('',#1575,.F.);
#1575 = EDGE_LOOP('',(#1576,#1577,#1583,#1584));
#1576 = ORIENTED_EDGE('',*,*,#1563,.T.);
#1577 = ORIENTED_EDGE('',*,*,#1578,.T.);
#1578 = EDGE_CURVE('',#1556,#1530,#1579,.T.);
#1579 = LINE('',#1580,#1581);
#1580 = CARTESIAN_POINT('',(16.95,49.300000000008,2.5));
#1581 = VECTOR('',#1582,1.);
#1582 = DIRECTION('',(0.,-1.,0.));
#1583 = ORIENTED_EDGE('',*,*,#1529,.F.);
#1584 = ORIENTED_EDGE('',*,*,#230,.F.);
#1585 = PLANE('',#1586);
#1586 = AXIS2_PLACEMENT_3D('',#1587,#1588,#1589);
#1587 = CARTESIAN_POINT('',(16.95,49.300000000008,1.));
#1588 = DIRECTION('',(1.,0.,0.));
#1589 = DIRECTION('',(0.,-1.,0.));
#1590 = ADVANCED_FACE('',(#1591),#1610,.T.);
#1591 = FACE_BOUND('',#1592,.F.);
#1592 = EDGE_LOOP('',(#1593,#1601,#1608,#1609));
#1593 = ORIENTED_EDGE('',*,*,#1594,.T.);
#1594 = EDGE_CURVE('',#367,#1595,#1597,.T.);
#1595 = VERTEX_POINT('',#1596);
#1596 = CARTESIAN_POINT('',(-15.55,-46.6,2.));
#1597 = LINE('',#1598,#1599);
#1598 = CARTESIAN_POINT('',(-15.55,-46.6,1.));
#1599 = VECTOR('',#1600,1.);
#1600 = DIRECTION('',(0.,0.,1.));
#1601 = ORIENTED_EDGE('',*,*,#1602,.T.);
#1602 = EDGE_CURVE('',#1595,#1595,#1603,.T.);
#1603 = CIRCLE('',#1604,2.5);
#1604 = AXIS2_PLACEMENT_3D('',#1605,#1606,#1607);
#1605 = CARTESIAN_POINT('',(-18.05,-46.6,2.));
#1606 = DIRECTION('',(0.,0.,1.));
#1607 = DIRECTION('',(1.,0.,0.));
#1608 = ORIENTED_EDGE('',*,*,#1594,.F.);
#1609 = ORIENTED_EDGE('',*,*,#366,.F.);
#1610 = CYLINDRICAL_SURFACE('',#1611,2.5);
#1611 = AXIS2_PLACEMENT_3D('',#1612,#1613,#1614);
#1612 = CARTESIAN_POINT('',(-18.05,-46.6,1.));
#1613 = DIRECTION('',(-0.,-0.,-1.));
#1614 = DIRECTION('',(1.,0.,0.));
#1615 = ADVANCED_FACE('',(#1616),#1635,.T.);
#1616 = FACE_BOUND('',#1617,.F.);
#1617 = EDGE_LOOP('',(#1618,#1626,#1633,#1634));
#1618 = ORIENTED_EDGE('',*,*,#1619,.T.);
#1619 = EDGE_CURVE('',#378,#1620,#1622,.T.);
#1620 = VERTEX_POINT('',#1621);
#1621 = CARTESIAN_POINT('',(-18.15,-30.4,2.));
#1622 = LINE('',#1623,#1624);
#1623 = CARTESIAN_POINT('',(-18.15,-30.4,1.));
#1624 = VECTOR('',#1625,1.);
#1625 = DIRECTION('',(0.,0.,1.));
#1626 = ORIENTED_EDGE('',*,*,#1627,.T.);
#1627 = EDGE_CURVE('',#1620,#1620,#1628,.T.);
#1628 = CIRCLE('',#1629,2.5);
#1629 = AXIS2_PLACEMENT_3D('',#1630,#1631,#1632);
#1630 = CARTESIAN_POINT('',(-20.65,-30.4,2.));
#1631 = DIRECTION('',(0.,0.,1.));
#1632 = DIRECTION('',(1.,0.,0.));
#1633 = ORIENTED_EDGE('',*,*,#1619,.F.);
#1634 = ORIENTED_EDGE('',*,*,#377,.F.);
#1635 = CYLINDRICAL_SURFACE('',#1636,2.5);
#1636 = AXIS2_PLACEMENT_3D('',#1637,#1638,#1639);
#1637 = CARTESIAN_POINT('',(-20.65,-30.4,1.));
#1638 = DIRECTION('',(-0.,-0.,-1.));
#1639 = DIRECTION('',(1.,0.,0.));
#1640 = ADVANCED_FACE('',(#1641),#1660,.T.);
#1641 = FACE_BOUND('',#1642,.F.);
#1642 = EDGE_LOOP('',(#1643,#1651,#1658,#1659));
#1643 = ORIENTED_EDGE('',*,*,#1644,.T.);
#1644 = EDGE_CURVE('',#389,#1645,#1647,.T.);
#1645 = VERTEX_POINT('',#1646);
#1646 = CARTESIAN_POINT('',(-1.95,-46.6,2.));
#1647 = LINE('',#1648,#1649);
#1648 = CARTESIAN_POINT('',(-1.95,-46.6,1.));
#1649 = VECTOR('',#1650,1.);
#1650 = DIRECTION('',(0.,0.,1.));
#1651 = ORIENTED_EDGE('',*,*,#1652,.T.);
#1652 = EDGE_CURVE('',#1645,#1645,#1653,.T.);
#1653 = CIRCLE('',#1654,2.5);
#1654 = AXIS2_PLACEMENT_3D('',#1655,#1656,#1657);
#1655 = CARTESIAN_POINT('',(-4.45,-46.6,2.));
#1656 = DIRECTION('',(0.,0.,1.));
#1657 = DIRECTION('',(1.,0.,0.));
#1658 = ORIENTED_EDGE('',*,*,#1644,.F.);
#1659 = ORIENTED_EDGE('',*,*,#388,.F.);
#1660 = CYLINDRICAL_SURFACE('',#1661,2.5);
#1661 = AXIS2_PLACEMENT_3D('',#1662,#1663,#1664);
#1662 = CARTESIAN_POINT('',(-4.45,-46.6,1.));
#1663 = DIRECTION('',(-0.,-0.,-1.));
#1664 = DIRECTION('',(1.,0.,0.));
#1665 = ADVANCED_FACE('',(#1666),#1685,.T.);
#1666 = FACE_BOUND('',#1667,.F.);
#1667 = EDGE_LOOP('',(#1668,#1676,#1683,#1684));
#1668 = ORIENTED_EDGE('',*,*,#1669,.T.);
#1669 = EDGE_CURVE('',#400,#1670,#1672,.T.);
#1670 = VERTEX_POINT('',#1671);
#1671 = CARTESIAN_POINT('',(-26.45,-22.1,2.));
#1672 = LINE('',#1673,#1674);
#1673 = CARTESIAN_POINT('',(-26.45,-22.1,1.));
#1674 = VECTOR('',#1675,1.);
#1675 = DIRECTION('',(0.,0.,1.));
#1676 = ORIENTED_EDGE('',*,*,#1677,.T.);
#1677 = EDGE_CURVE('',#1670,#1670,#1678,.T.);
#1678 = CIRCLE('',#1679,2.5);
#1679 = AXIS2_PLACEMENT_3D('',#1680,#1681,#1682);
#1680 = CARTESIAN_POINT('',(-28.95,-22.1,2.));
#1681 = DIRECTION('',(0.,0.,1.));
#1682 = DIRECTION('',(1.,0.,0.));
#1683 = ORIENTED_EDGE('',*,*,#1669,.F.);
#1684 = ORIENTED_EDGE('',*,*,#399,.F.);
#1685 = CYLINDRICAL_SURFACE('',#1686,2.5);
#1686 = AXIS2_PLACEMENT_3D('',#1687,#1688,#1689);
#1687 = CARTESIAN_POINT('',(-28.95,-22.1,1.));
#1688 = DIRECTION('',(-0.,-0.,-1.));
#1689 = DIRECTION('',(1.,0.,0.));
#1690 = ADVANCED_FACE('',(#1691),#1710,.T.);
#1691 = FACE_BOUND('',#1692,.F.);
#1692 = EDGE_LOOP('',(#1693,#1701,#1708,#1709));
#1693 = ORIENTED_EDGE('',*,*,#1694,.T.);
#1694 = EDGE_CURVE('',#411,#1695,#1697,.T.);
#1695 = VERTEX_POINT('',#1696);
#1696 = CARTESIAN_POINT('',(-18.15,-13.8,2.));
#1697 = LINE('',#1698,#1699);
#1698 = CARTESIAN_POINT('',(-18.15,-13.8,1.));
#1699 = VECTOR('',#1700,1.);
#1700 = DIRECTION('',(0.,0.,1.));
#1701 = ORIENTED_EDGE('',*,*,#1702,.T.);
#1702 = EDGE_CURVE('',#1695,#1695,#1703,.T.);
#1703 = CIRCLE('',#1704,2.5);
#1704 = AXIS2_PLACEMENT_3D('',#1705,#1706,#1707);
#1705 = CARTESIAN_POINT('',(-20.65,-13.8,2.));
#1706 = DIRECTION('',(0.,0.,1.));
#1707 = DIRECTION('',(1.,0.,0.));
#1708 = ORIENTED_EDGE('',*,*,#1694,.F.);
#1709 = ORIENTED_EDGE('',*,*,#410,.F.);
#1710 = CYLINDRICAL_SURFACE('',#1711,2.5);
#1711 = AXIS2_PLACEMENT_3D('',#1712,#1713,#1714);
#1712 = CARTESIAN_POINT('',(-20.65,-13.8,1.));
#1713 = DIRECTION('',(-0.,-0.,-1.));
#1714 = DIRECTION('',(1.,0.,0.));
#1715 = ADVANCED_FACE('',(#1716),#1735,.F.);
#1716 = FACE_BOUND('',#1717,.F.);
#1717 = EDGE_LOOP('',(#1718,#1719,#1727,#1734));
#1718 = ORIENTED_EDGE('',*,*,#421,.F.);
#1719 = ORIENTED_EDGE('',*,*,#1720,.T.);
#1720 = EDGE_CURVE('',#422,#1721,#1723,.T.);
#1721 = VERTEX_POINT('',#1722);
#1722 = CARTESIAN_POINT('',(-28.025,-8.8,0.));
#1723 = LINE('',#1724,#1725);
#1724 = CARTESIAN_POINT('',(-28.025,-8.8,1.));
#1725 = VECTOR('',#1726,1.);
#1726 = DIRECTION('',(-0.,-0.,-1.));
#1727 = ORIENTED_EDGE('',*,*,#1728,.T.);
#1728 = EDGE_CURVE('',#1721,#1721,#1729,.T.);
#1729 = CIRCLE('',#1730,2.575);
#1730 = AXIS2_PLACEMENT_3D('',#1731,#1732,#1733);
#1731 = CARTESIAN_POINT('',(-30.6,-8.8,0.));
#1732 = DIRECTION('',(0.,0.,1.));
#1733 = DIRECTION('',(1.,0.,0.));
#1734 = ORIENTED_EDGE('',*,*,#1720,.F.);
#1735 = CYLINDRICAL_SURFACE('',#1736,2.575);
#1736 = AXIS2_PLACEMENT_3D('',#1737,#1738,#1739);
#1737 = CARTESIAN_POINT('',(-30.6,-8.8,1.));
#1738 = DIRECTION('',(0.,0.,1.));
#1739 = DIRECTION('',(1.,0.,0.));
#1740 = ADVANCED_FACE('',(#1741),#1760,.T.);
#1741 = FACE_BOUND('',#1742,.F.);
#1742 = EDGE_LOOP('',(#1743,#1751,#1758,#1759));
#1743 = ORIENTED_EDGE('',*,*,#1744,.T.);
#1744 = EDGE_CURVE('',#433,#1745,#1747,.T.);
#1745 = VERTEX_POINT('',#1746);
#1746 = CARTESIAN_POINT('',(-9.85,-22.1,2.));
#1747 = LINE('',#1748,#1749);
#1748 = CARTESIAN_POINT('',(-9.85,-22.1,1.));
#1749 = VECTOR('',#1750,1.);
#1750 = DIRECTION('',(0.,0.,1.));
#1751 = ORIENTED_EDGE('',*,*,#1752,.T.);
#1752 = EDGE_CURVE('',#1745,#1745,#1753,.T.);
#1753 = CIRCLE('',#1754,2.5);
#1754 = AXIS2_PLACEMENT_3D('',#1755,#1756,#1757);
#1755 = CARTESIAN_POINT('',(-12.35,-22.1,2.));
#1756 = DIRECTION('',(0.,0.,1.));
#1757 = DIRECTION('',(1.,0.,0.));
#1758 = ORIENTED_EDGE('',*,*,#1744,.F.);
#1759 = ORIENTED_EDGE('',*,*,#432,.F.);
#1760 = CYLINDRICAL_SURFACE('',#1761,2.5);
#1761 = AXIS2_PLACEMENT_3D('',#1762,#1763,#1764);
#1762 = CARTESIAN_POINT('',(-12.35,-22.1,1.));
#1763 = DIRECTION('',(-0.,-0.,-1.));
#1764 = DIRECTION('',(1.,0.,0.));
#1765 = ADVANCED_FACE('',(#1766),#1785,.F.);
#1766 = FACE_BOUND('',#1767,.F.);
#1767 = EDGE_LOOP('',(#1768,#1769,#1777,#1784));
#1768 = ORIENTED_EDGE('',*,*,#443,.F.);
#1769 = ORIENTED_EDGE('',*,*,#1770,.T.);
#1770 = EDGE_CURVE('',#444,#1771,#1773,.T.);
#1771 = VERTEX_POINT('',#1772);
#1772 = CARTESIAN_POINT('',(1.25,-26.1,0.));
#1773 = LINE('',#1774,#1775);
#1774 = CARTESIAN_POINT('',(1.25,-26.1,1.));
#1775 = VECTOR('',#1776,1.);
#1776 = DIRECTION('',(-0.,-0.,-1.));
#1777 = ORIENTED_EDGE('',*,*,#1778,.T.);
#1778 = EDGE_CURVE('',#1771,#1771,#1779,.T.);
#1779 = CIRCLE('',#1780,1.25);
#1780 = AXIS2_PLACEMENT_3D('',#1781,#1782,#1783);
#1781 = CARTESIAN_POINT('',(2.27E-15,-26.1,0.));
#1782 = DIRECTION('',(0.,0.,1.));
#1783 = DIRECTION('',(1.,0.,0.));
#1784 = ORIENTED_EDGE('',*,*,#1770,.F.);
#1785 = CYLINDRICAL_SURFACE('',#1786,1.25);
#1786 = AXIS2_PLACEMENT_3D('',#1787,#1788,#1789);
#1787 = CARTESIAN_POINT('',(2.27E-15,-26.1,1.));
#1788 = DIRECTION('',(0.,0.,1.));
#1789 = DIRECTION('',(1.,0.,0.));
#1790 = ADVANCED_FACE('',(#1791),#1810,.T.);
#1791 = FACE_BOUND('',#1792,.F.);
#1792 = EDGE_LOOP('',(#1793,#1801,#1808,#1809));
#1793 = ORIENTED_EDGE('',*,*,#1794,.T.);
#1794 = EDGE_CURVE('',#455,#1795,#1797,.T.);
#1795 = VERTEX_POINT('',#1796);
#1796 = CARTESIAN_POINT('',(23.15,-30.4,2.));
#1797 = LINE('',#1798,#1799);
#1798 = CARTESIAN_POINT('',(23.15,-30.4,1.));
#1799 = VECTOR('',#1800,1.);
#1800 = DIRECTION('',(0.,0.,1.));
#1801 = ORIENTED_EDGE('',*,*,#1802,.T.);
#1802 = EDGE_CURVE('',#1795,#1795,#1803,.T.);
#1803 = CIRCLE('',#1804,2.5);
#1804 = AXIS2_PLACEMENT_3D('',#1805,#1806,#1807);
#1805 = CARTESIAN_POINT('',(20.65,-30.4,2.));
#1806 = DIRECTION('',(0.,0.,1.));
#1807 = DIRECTION('',(1.,0.,0.));
#1808 = ORIENTED_EDGE('',*,*,#1794,.F.);
#1809 = ORIENTED_EDGE('',*,*,#454,.F.);
#1810 = CYLINDRICAL_SURFACE('',#1811,2.5);
#1811 = AXIS2_PLACEMENT_3D('',#1812,#1813,#1814);
#1812 = CARTESIAN_POINT('',(20.65,-30.4,1.));
#1813 = DIRECTION('',(-0.,-0.,-1.));
#1814 = DIRECTION('',(1.,0.,0.));
#1815 = ADVANCED_FACE('',(#1816),#1835,.T.);
#1816 = FACE_BOUND('',#1817,.F.);
#1817 = EDGE_LOOP('',(#1818,#1826,#1833,#1834));
#1818 = ORIENTED_EDGE('',*,*,#1819,.T.);
#1819 = EDGE_CURVE('',#466,#1820,#1822,.T.);
#1820 = VERTEX_POINT('',#1821);
#1821 = CARTESIAN_POINT('',(14.85,-22.1,2.));
#1822 = LINE('',#1823,#1824);
#1823 = CARTESIAN_POINT('',(14.85,-22.1,1.));
#1824 = VECTOR('',#1825,1.);
#1825 = DIRECTION('',(0.,0.,1.));
#1826 = ORIENTED_EDGE('',*,*,#1827,.T.);
#1827 = EDGE_CURVE('',#1820,#1820,#1828,.T.);
#1828 = CIRCLE('',#1829,2.5);
#1829 = AXIS2_PLACEMENT_3D('',#1830,#1831,#1832);
#1830 = CARTESIAN_POINT('',(12.35,-22.1,2.));
#1831 = DIRECTION('',(0.,0.,1.));
#1832 = DIRECTION('',(1.,0.,0.));
#1833 = ORIENTED_EDGE('',*,*,#1819,.F.);
#1834 = ORIENTED_EDGE('',*,*,#465,.F.);
#1835 = CYLINDRICAL_SURFACE('',#1836,2.5);
#1836 = AXIS2_PLACEMENT_3D('',#1837,#1838,#1839);
#1837 = CARTESIAN_POINT('',(12.35,-22.1,1.));
#1838 = DIRECTION('',(-0.,-0.,-1.));
#1839 = DIRECTION('',(1.,0.,0.));
#1840 = ADVANCED_FACE('',(#1841),#1860,.T.);
#1841 = FACE_BOUND('',#1842,.F.);
#1842 = EDGE_LOOP('',(#1843,#1851,#1858,#1859));
#1843 = ORIENTED_EDGE('',*,*,#1844,.T.);
#1844 = EDGE_CURVE('',#477,#1845,#1847,.T.);
#1845 = VERTEX_POINT('',#1846);
#1846 = CARTESIAN_POINT('',(23.15,-13.8,2.));
#1847 = LINE('',#1848,#1849);
#1848 = CARTESIAN_POINT('',(23.15,-13.8,1.));
#1849 = VECTOR('',#1850,1.);
#1850 = DIRECTION('',(0.,0.,1.));
#1851 = ORIENTED_EDGE('',*,*,#1852,.T.);
#1852 = EDGE_CURVE('',#1845,#1845,#1853,.T.);
#1853 = CIRCLE('',#1854,2.5);
#1854 = AXIS2_PLACEMENT_3D('',#1855,#1856,#1857);
#1855 = CARTESIAN_POINT('',(20.65,-13.8,2.));
#1856 = DIRECTION('',(0.,0.,1.));
#1857 = DIRECTION('',(1.,0.,0.));
#1858 = ORIENTED_EDGE('',*,*,#1844,.F.);
#1859 = ORIENTED_EDGE('',*,*,#476,.F.);
#1860 = CYLINDRICAL_SURFACE('',#1861,2.5);
#1861 = AXIS2_PLACEMENT_3D('',#1862,#1863,#1864);
#1862 = CARTESIAN_POINT('',(20.65,-13.8,1.));
#1863 = DIRECTION('',(-0.,-0.,-1.));
#1864 = DIRECTION('',(1.,0.,0.));
#1865 = ADVANCED_FACE('',(#1866),#1885,.T.);
#1866 = FACE_BOUND('',#1867,.F.);
#1867 = EDGE_LOOP('',(#1868,#1876,#1883,#1884));
#1868 = ORIENTED_EDGE('',*,*,#1869,.T.);
#1869 = EDGE_CURVE('',#488,#1870,#1872,.T.);
#1870 = VERTEX_POINT('',#1871);
#1871 = CARTESIAN_POINT('',(31.45,-22.1,2.));
#1872 = LINE('',#1873,#1874);
#1873 = CARTESIAN_POINT('',(31.45,-22.1,1.));
#1874 = VECTOR('',#1875,1.);
#1875 = DIRECTION('',(0.,0.,1.));
#1876 = ORIENTED_EDGE('',*,*,#1877,.T.);
#1877 = EDGE_CURVE('',#1870,#1870,#1878,.T.);
#1878 = CIRCLE('',#1879,2.5);
#1879 = AXIS2_PLACEMENT_3D('',#1880,#1881,#1882);
#1880 = CARTESIAN_POINT('',(28.95,-22.1,2.));
#1881 = DIRECTION('',(0.,0.,1.));
#1882 = DIRECTION('',(1.,0.,0.));
#1883 = ORIENTED_EDGE('',*,*,#1869,.F.);
#1884 = ORIENTED_EDGE('',*,*,#487,.F.);
#1885 = CYLINDRICAL_SURFACE('',#1886,2.5);
#1886 = AXIS2_PLACEMENT_3D('',#1887,#1888,#1889);
#1887 = CARTESIAN_POINT('',(28.95,-22.1,1.));
#1888 = DIRECTION('',(-0.,-0.,-1.));
#1889 = DIRECTION('',(1.,0.,0.));
#1890 = ADVANCED_FACE('',(#1891),#1910,.F.);
#1891 = FACE_BOUND('',#1892,.F.);
#1892 = EDGE_LOOP('',(#1893,#1894,#1902,#1909));
#1893 = ORIENTED_EDGE('',*,*,#498,.F.);
#1894 = ORIENTED_EDGE('',*,*,#1895,.T.);
#1895 = EDGE_CURVE('',#499,#1896,#1898,.T.);
#1896 = VERTEX_POINT('',#1897);
#1897 = CARTESIAN_POINT('',(33.175,-8.8,0.));
#1898 = LINE('',#1899,#1900);
#1899 = CARTESIAN_POINT('',(33.175,-8.8,1.));
#1900 = VECTOR('',#1901,1.);
#1901 = DIRECTION('',(-0.,-0.,-1.));
#1902 = ORIENTED_EDGE('',*,*,#1903,.T.);
#1903 = EDGE_CURVE('',#1896,#1896,#1904,.T.);
#1904 = CIRCLE('',#1905,2.575);
#1905 = AXIS2_PLACEMENT_3D('',#1906,#1907,#1908);
#1906 = CARTESIAN_POINT('',(30.6,-8.8,0.));
#1907 = DIRECTION('',(0.,0.,1.));
#1908 = DIRECTION('',(1.,0.,0.));
#1909 = ORIENTED_EDGE('',*,*,#1895,.F.);
#1910 = CYLINDRICAL_SURFACE('',#1911,2.575);
#1911 = AXIS2_PLACEMENT_3D('',#1912,#1913,#1914);
#1912 = CARTESIAN_POINT('',(30.6,-8.8,1.));
#1913 = DIRECTION('',(0.,0.,1.));
#1914 = DIRECTION('',(1.,0.,0.));
#1915 = ADVANCED_FACE('',(#1916),#1935,.F.);
#1916 = FACE_BOUND('',#1917,.F.);
#1917 = EDGE_LOOP('',(#1918,#1919,#1927,#1934));
#1918 = ORIENTED_EDGE('',*,*,#509,.F.);
#1919 = ORIENTED_EDGE('',*,*,#1920,.T.);
#1920 = EDGE_CURVE('',#510,#1921,#1923,.T.);
#1921 = VERTEX_POINT('',#1922);
#1922 = CARTESIAN_POINT('',(-28.025,46.4,0.));
#1923 = LINE('',#1924,#1925);
#1924 = CARTESIAN_POINT('',(-28.025,46.4,1.));
#1925 = VECTOR('',#1926,1.);
#1926 = DIRECTION('',(-0.,-0.,-1.));
#1927 = ORIENTED_EDGE('',*,*,#1928,.T.);
#1928 = EDGE_CURVE('',#1921,#1921,#1929,.T.);
#1929 = CIRCLE('',#1930,2.575);
#1930 = AXIS2_PLACEMENT_3D('',#1931,#1932,#1933);
#1931 = CARTESIAN_POINT('',(-30.6,46.4,0.));
#1932 = DIRECTION('',(0.,0.,1.));
#1933 = DIRECTION('',(1.,0.,0.));
#1934 = ORIENTED_EDGE('',*,*,#1920,.F.);
#1935 = CYLINDRICAL_SURFACE('',#1936,2.575);
#1936 = AXIS2_PLACEMENT_3D('',#1937,#1938,#1939);
#1937 = CARTESIAN_POINT('',(-30.6,46.4,1.));
#1938 = DIRECTION('',(0.,0.,1.));
#1939 = DIRECTION('',(1.,0.,0.));
#1940 = ADVANCED_FACE('',(#1941),#1960,.F.);
#1941 = FACE_BOUND('',#1942,.F.);
#1942 = EDGE_LOOP('',(#1943,#1944,#1952,#1959));
#1943 = ORIENTED_EDGE('',*,*,#520,.F.);
#1944 = ORIENTED_EDGE('',*,*,#1945,.T.);
#1945 = EDGE_CURVE('',#521,#1946,#1948,.T.);
#1946 = VERTEX_POINT('',#1947);
#1947 = CARTESIAN_POINT('',(33.175,46.4,0.));
#1948 = LINE('',#1949,#1950);
#1949 = CARTESIAN_POINT('',(33.175,46.4,1.));
#1950 = VECTOR('',#1951,1.);
#1951 = DIRECTION('',(-0.,-0.,-1.));
#1952 = ORIENTED_EDGE('',*,*,#1953,.T.);
#1953 = EDGE_CURVE('',#1946,#1946,#1954,.T.);
#1954 = CIRCLE('',#1955,2.575);
#1955 = AXIS2_PLACEMENT_3D('',#1956,#1957,#1958);
#1956 = CARTESIAN_POINT('',(30.6,46.4,0.));
#1957 = DIRECTION('',(0.,0.,1.));
#1958 = DIRECTION('',(1.,0.,0.));
#1959 = ORIENTED_EDGE('',*,*,#1945,.F.);
#1960 = CYLINDRICAL_SURFACE('',#1961,2.575);
#1961 = AXIS2_PLACEMENT_3D('',#1962,#1963,#1964);
#1962 = CARTESIAN_POINT('',(30.6,46.4,1.));
#1963 = DIRECTION('',(0.,0.,1.));
#1964 = DIRECTION('',(1.,0.,0.));
#1965 = ADVANCED_FACE('',(#1966,#1976),#1987,.T.);
#1966 = FACE_BOUND('',#1967,.T.);
#1967 = EDGE_LOOP('',(#1968,#1969,#1970,#1971,#1972,#1973,#1974,#1975));
#1968 = ORIENTED_EDGE('',*,*,#546,.T.);
#1969 = ORIENTED_EDGE('',*,*,#602,.T.);
#1970 = ORIENTED_EDGE('',*,*,#651,.T.);
#1971 = ORIENTED_EDGE('',*,*,#700,.T.);
#1972 = ORIENTED_EDGE('',*,*,#718,.T.);
#1973 = ORIENTED_EDGE('',*,*,#668,.T.);
#1974 = ORIENTED_EDGE('',*,*,#620,.T.);
#1975 = ORIENTED_EDGE('',*,*,#577,.F.);
#1976 = FACE_BOUND('',#1977,.T.);
#1977 = EDGE_LOOP('',(#1978));
#1978 = ORIENTED_EDGE('',*,*,#1979,.F.);
#1979 = EDGE_CURVE('',#1980,#1980,#1982,.T.);
#1980 = VERTEX_POINT('',#1981);
#1981 = CARTESIAN_POINT('',(1.75,-12.9,5.));
#1982 = CIRCLE('',#1983,1.75);
#1983 = AXIS2_PLACEMENT_3D('',#1984,#1985,#1986);
#1984 = CARTESIAN_POINT('',(0.,-12.9,5.));
#1985 = DIRECTION('',(0.,0.,1.));
#1986 = DIRECTION('',(1.,0.,0.));
#1987 = PLANE('',#1988);
#1988 = AXIS2_PLACEMENT_3D('',#1989,#1990,#1991);
#1989 = CARTESIAN_POINT('',(-1.89913149453,-24.80122403238,5.));
#1990 = DIRECTION('',(0.,0.,1.));
#1991 = DIRECTION('',(1.,0.,0.));
#1992 = ADVANCED_FACE('',(#1993,#2040,#2074,#2077,#2080,#2083,#2086),
  #2089,.F.);
#1993 = FACE_BOUND('',#1994,.F.);
#1994 = EDGE_LOOP('',(#1995,#1996,#1997,#2005,#2013,#2019,#2020,#2021,
    #2022,#2023,#2024,#2025,#2026,#2027,#2028,#2029,#2030,#2031,#2032,
    #2033,#2034,#2035,#2036,#2037,#2038,#2039));
#1995 = ORIENTED_EDGE('',*,*,#742,.F.);
#1996 = ORIENTED_EDGE('',*,*,#764,.T.);
#1997 = ORIENTED_EDGE('',*,*,#1998,.T.);
#1998 = EDGE_CURVE('',#765,#1999,#2001,.T.);
#1999 = VERTEX_POINT('',#2000);
#2000 = CARTESIAN_POINT('',(-25.95,-34.1,0.));
#2001 = LINE('',#2002,#2003);
#2002 = CARTESIAN_POINT('',(-35.55,-34.1,0.));
#2003 = VECTOR('',#2004,1.);
#2004 = DIRECTION('',(1.,0.,0.));
#2005 = ORIENTED_EDGE('',*,*,#2006,.T.);
#2006 = EDGE_CURVE('',#1999,#2007,#2009,.T.);
#2007 = VERTEX_POINT('',#2008);
#2008 = CARTESIAN_POINT('',(-25.95,-45.1,0.));
#2009 = LINE('',#2010,#2011);
#2010 = CARTESIAN_POINT('',(-25.95,-34.1,0.));
#2011 = VECTOR('',#2012,1.);
#2012 = DIRECTION('',(0.,-1.,0.));
#2013 = ORIENTED_EDGE('',*,*,#2014,.T.);
#2014 = EDGE_CURVE('',#2007,#789,#2015,.T.);
#2015 = LINE('',#2016,#2017);
#2016 = CARTESIAN_POINT('',(-25.95,-45.1,0.));
#2017 = VECTOR('',#2018,1.);
#2018 = DIRECTION('',(-1.,0.,0.));
#2019 = ORIENTED_EDGE('',*,*,#796,.T.);
#2020 = ORIENTED_EDGE('',*,*,#844,.T.);
#2021 = ORIENTED_EDGE('',*,*,#901,.F.);
#2022 = ORIENTED_EDGE('',*,*,#943,.T.);
#2023 = ORIENTED_EDGE('',*,*,#996,.T.);
#2024 = ORIENTED_EDGE('',*,*,#1061,.T.);
#2025 = ORIENTED_EDGE('',*,*,#1116,.F.);
#2026 = ORIENTED_EDGE('',*,*,#1172,.F.);
#2027 = ORIENTED_EDGE('',*,*,#1196,.F.);
#2028 = ORIENTED_EDGE('',*,*,#1237,.T.);
#2029 = ORIENTED_EDGE('',*,*,#1292,.F.);
#2030 = ORIENTED_EDGE('',*,*,#1340,.F.);
#2031 = ORIENTED_EDGE('',*,*,#1427,.F.);
#2032 = ORIENTED_EDGE('',*,*,#1364,.F.);
#2033 = ORIENTED_EDGE('',*,*,#1309,.F.);
#2034 = ORIENTED_EDGE('',*,*,#1268,.F.);
#2035 = ORIENTED_EDGE('',*,*,#1213,.F.);
#2036 = ORIENTED_EDGE('',*,*,#967,.F.);
#2037 = ORIENTED_EDGE('',*,*,#919,.F.);
#2038 = ORIENTED_EDGE('',*,*,#870,.F.);
#2039 = ORIENTED_EDGE('',*,*,#822,.F.);
#2040 = FACE_BOUND('',#2041,.F.);
#2041 = EDGE_LOOP('',(#2042,#2052,#2060,#2068));
#2042 = ORIENTED_EDGE('',*,*,#2043,.T.);
#2043 = EDGE_CURVE('',#2044,#2046,#2048,.T.);
#2044 = VERTEX_POINT('',#2045);
#2045 = CARTESIAN_POINT('',(-3.95,-37.4,0.));
#2046 = VERTEX_POINT('',#2047);
#2047 = CARTESIAN_POINT('',(-13.55,-37.4,0.));
#2048 = LINE('',#2049,#2050);
#2049 = CARTESIAN_POINT('',(-3.95,-37.4,0.));
#2050 = VECTOR('',#2051,1.);
#2051 = DIRECTION('',(-1.,0.,0.));
#2052 = ORIENTED_EDGE('',*,*,#2053,.T.);
#2053 = EDGE_CURVE('',#2046,#2054,#2056,.T.);
#2054 = VERTEX_POINT('',#2055);
#2055 = CARTESIAN_POINT('',(-13.55,-32.4,0.));
#2056 = LINE('',#2057,#2058);
#2057 = CARTESIAN_POINT('',(-13.55,-37.4,0.));
#2058 = VECTOR('',#2059,1.);
#2059 = DIRECTION('',(0.,1.,0.));
#2060 = ORIENTED_EDGE('',*,*,#2061,.T.);
#2061 = EDGE_CURVE('',#2054,#2062,#2064,.T.);
#2062 = VERTEX_POINT('',#2063);
#2063 = CARTESIAN_POINT('',(-3.95,-32.4,0.));
#2064 = LINE('',#2065,#2066);
#2065 = CARTESIAN_POINT('',(-13.55,-32.4,0.));
#2066 = VECTOR('',#2067,1.);
#2067 = DIRECTION('',(1.,0.,0.));
#2068 = ORIENTED_EDGE('',*,*,#2069,.T.);
#2069 = EDGE_CURVE('',#2062,#2044,#2070,.T.);
#2070 = LINE('',#2071,#2072);
#2071 = CARTESIAN_POINT('',(-3.95,-32.4,0.));
#2072 = VECTOR('',#2073,1.);
#2073 = DIRECTION('',(0.,-1.,0.));
#2074 = FACE_BOUND('',#2075,.F.);
#2075 = EDGE_LOOP('',(#2076));
#2076 = ORIENTED_EDGE('',*,*,#1728,.F.);
#2077 = FACE_BOUND('',#2078,.F.);
#2078 = EDGE_LOOP('',(#2079));
#2079 = ORIENTED_EDGE('',*,*,#1778,.F.);
#2080 = FACE_BOUND('',#2081,.F.);
#2081 = EDGE_LOOP('',(#2082));
#2082 = ORIENTED_EDGE('',*,*,#1903,.F.);
#2083 = FACE_BOUND('',#2084,.F.);
#2084 = EDGE_LOOP('',(#2085));
#2085 = ORIENTED_EDGE('',*,*,#1928,.F.);
#2086 = FACE_BOUND('',#2087,.F.);
#2087 = EDGE_LOOP('',(#2088));
#2088 = ORIENTED_EDGE('',*,*,#1953,.F.);
#2089 = PLANE('',#2090);
#2090 = AXIS2_PLACEMENT_3D('',#2091,#2092,#2093);
#2091 = CARTESIAN_POINT('',(0.,0.,0.));
#2092 = DIRECTION('',(0.,0.,1.));
#2093 = DIRECTION('',(1.,0.,0.));
#2094 = ADVANCED_FACE('',(#2095),#2121,.F.);
#2095 = FACE_BOUND('',#2096,.F.);
#2096 = EDGE_LOOP('',(#2097,#2098,#2106,#2114,#2120));
#2097 = ORIENTED_EDGE('',*,*,#772,.T.);
#2098 = ORIENTED_EDGE('',*,*,#2099,.T.);
#2099 = EDGE_CURVE('',#773,#2100,#2102,.T.);
#2100 = VERTEX_POINT('',#2101);
#2101 = CARTESIAN_POINT('',(-28.96987298107,-34.1,-0.8));
#2102 = LINE('',#2103,#2104);
#2103 = CARTESIAN_POINT('',(-35.55,-34.1,-0.8));
#2104 = VECTOR('',#2105,1.);
#2105 = DIRECTION('',(1.,0.,0.));
#2106 = ORIENTED_EDGE('',*,*,#2107,.T.);
#2107 = EDGE_CURVE('',#2100,#2108,#2110,.T.);
#2108 = VERTEX_POINT('',#2109);
#2109 = CARTESIAN_POINT('',(-25.95,-34.1,-0.8));
#2110 = LINE('',#2111,#2112);
#2111 = CARTESIAN_POINT('',(-35.55,-34.1,-0.8));
#2112 = VECTOR('',#2113,1.);
#2113 = DIRECTION('',(1.,0.,0.));
#2114 = ORIENTED_EDGE('',*,*,#2115,.F.);
#2115 = EDGE_CURVE('',#1999,#2108,#2116,.T.);
#2116 = LINE('',#2117,#2118);
#2117 = CARTESIAN_POINT('',(-25.95,-34.1,0.));
#2118 = VECTOR('',#2119,1.);
#2119 = DIRECTION('',(0.,0.,-1.));
#2120 = ORIENTED_EDGE('',*,*,#1998,.F.);
#2121 = PLANE('',#2122);
#2122 = AXIS2_PLACEMENT_3D('',#2123,#2124,#2125);
#2123 = CARTESIAN_POINT('',(-35.55,-34.1,0.));
#2124 = DIRECTION('',(0.,-1.,0.));
#2125 = DIRECTION('',(1.,0.,0.));
#2126 = ADVANCED_FACE('',(#2127),#2146,.T.);
#2127 = FACE_BOUND('',#2128,.T.);
#2128 = EDGE_LOOP('',(#2129,#2138,#2144,#2145));
#2129 = ORIENTED_EDGE('',*,*,#2130,.F.);
#2130 = EDGE_CURVE('',#2131,#2100,#2133,.T.);
#2131 = VERTEX_POINT('',#2132);
#2132 = CARTESIAN_POINT('',(-28.96987298107,-45.1,-0.8));
#2133 = CIRCLE('',#2134,7.);
#2134 = AXIS2_PLACEMENT_3D('',#2135,#2136,#2137);
#2135 = CARTESIAN_POINT('',(-33.3,-39.6,-0.8));
#2136 = DIRECTION('',(0.,0.,-1.));
#2137 = DIRECTION('',(1.,0.,0.));
#2138 = ORIENTED_EDGE('',*,*,#2139,.T.);
#2139 = EDGE_CURVE('',#2131,#781,#2140,.T.);
#2140 = LINE('',#2141,#2142);
#2141 = CARTESIAN_POINT('',(-25.95,-45.1,-0.8));
#2142 = VECTOR('',#2143,1.);
#2143 = DIRECTION('',(-1.,0.,0.));
#2144 = ORIENTED_EDGE('',*,*,#780,.T.);
#2145 = ORIENTED_EDGE('',*,*,#2099,.T.);
#2146 = PLANE('',#2147);
#2147 = AXIS2_PLACEMENT_3D('',#2148,#2149,#2150);
#2148 = CARTESIAN_POINT('',(-33.3,-39.6,-0.8));
#2149 = DIRECTION('',(0.,0.,1.));
#2150 = DIRECTION('',(1.,0.,0.));
#2151 = ADVANCED_FACE('',(#2152),#2171,.F.);
#2152 = FACE_BOUND('',#2153,.F.);
#2153 = EDGE_LOOP('',(#2154,#2162,#2168,#2169,#2170));
#2154 = ORIENTED_EDGE('',*,*,#2155,.T.);
#2155 = EDGE_CURVE('',#2007,#2156,#2158,.T.);
#2156 = VERTEX_POINT('',#2157);
#2157 = CARTESIAN_POINT('',(-25.95,-45.1,-0.8));
#2158 = LINE('',#2159,#2160);
#2159 = CARTESIAN_POINT('',(-25.95,-45.1,0.));
#2160 = VECTOR('',#2161,1.);
#2161 = DIRECTION('',(0.,0.,-1.));
#2162 = ORIENTED_EDGE('',*,*,#2163,.T.);
#2163 = EDGE_CURVE('',#2156,#2131,#2164,.T.);
#2164 = LINE('',#2165,#2166);
#2165 = CARTESIAN_POINT('',(-25.95,-45.1,-0.8));
#2166 = VECTOR('',#2167,1.);
#2167 = DIRECTION('',(-1.,0.,0.));
#2168 = ORIENTED_EDGE('',*,*,#2139,.T.);
#2169 = ORIENTED_EDGE('',*,*,#788,.F.);
#2170 = ORIENTED_EDGE('',*,*,#2014,.F.);
#2171 = PLANE('',#2172);
#2172 = AXIS2_PLACEMENT_3D('',#2173,#2174,#2175);
#2173 = CARTESIAN_POINT('',(-25.95,-45.1,0.));
#2174 = DIRECTION('',(0.,1.,0.));
#2175 = DIRECTION('',(-1.,0.,0.));
#2176 = ADVANCED_FACE('',(#2177),#2188,.F.);
#2177 = FACE_BOUND('',#2178,.F.);
#2178 = EDGE_LOOP('',(#2179,#2185,#2186,#2187));
#2179 = ORIENTED_EDGE('',*,*,#2180,.T.);
#2180 = EDGE_CURVE('',#1141,#1021,#2181,.T.);
#2181 = LINE('',#2182,#2183);
#2182 = CARTESIAN_POINT('',(-14.45,51.5,1.));
#2183 = VECTOR('',#2184,1.);
#2184 = DIRECTION('',(-1.,0.,0.));
#2185 = ORIENTED_EDGE('',*,*,#1045,.T.);
#2186 = ORIENTED_EDGE('',*,*,#982,.T.);
#2187 = ORIENTED_EDGE('',*,*,#1148,.T.);
#2188 = PLANE('',#2189);
#2189 = AXIS2_PLACEMENT_3D('',#2190,#2191,#2192);
#2190 = CARTESIAN_POINT('',(-16.95,46.35,1.));
#2191 = DIRECTION('',(0.,0.,1.));
#2192 = DIRECTION('',(1.,0.,0.));
#2193 = ADVANCED_FACE('',(#2194,#2205),#2216,.F.);
#2194 = FACE_BOUND('',#2195,.F.);
#2195 = EDGE_LOOP('',(#2196,#2197,#2203,#2204));
#2196 = ORIENTED_EDGE('',*,*,#1140,.T.);
#2197 = ORIENTED_EDGE('',*,*,#2198,.T.);
#2198 = EDGE_CURVE('',#1133,#1023,#2199,.T.);
#2199 = LINE('',#2200,#2201);
#2200 = CARTESIAN_POINT('',(-14.45,51.5,5.25));
#2201 = VECTOR('',#2202,1.);
#2202 = DIRECTION('',(-1.,0.,0.));
#2203 = ORIENTED_EDGE('',*,*,#1020,.F.);
#2204 = ORIENTED_EDGE('',*,*,#2180,.F.);
#2205 = FACE_BOUND('',#2206,.F.);
#2206 = EDGE_LOOP('',(#2207));
#2207 = ORIENTED_EDGE('',*,*,#2208,.T.);
#2208 = EDGE_CURVE('',#2209,#2209,#2211,.T.);
#2209 = VERTEX_POINT('',#2210);
#2210 = CARTESIAN_POINT('',(-18.95,51.5,3.125));
#2211 = CIRCLE('',#2212,2.);
#2212 = AXIS2_PLACEMENT_3D('',#2213,#2214,#2215);
#2213 = CARTESIAN_POINT('',(-16.95,51.5,3.125));
#2214 = DIRECTION('',(0.,1.,-0.));
#2215 = DIRECTION('',(-1.,0.,0.));
#2216 = PLANE('',#2217);
#2217 = AXIS2_PLACEMENT_3D('',#2218,#2219,#2220);
#2218 = CARTESIAN_POINT('',(-14.45,51.5,1.));
#2219 = DIRECTION('',(0.,-1.,0.));
#2220 = DIRECTION('',(-1.,0.,0.));
#2221 = ADVANCED_FACE('',(#2222),#2228,.T.);
#2222 = FACE_BOUND('',#2223,.T.);
#2223 = EDGE_LOOP('',(#2224,#2225,#2226,#2227));
#2224 = ORIENTED_EDGE('',*,*,#1030,.T.);
#2225 = ORIENTED_EDGE('',*,*,#1084,.T.);
#2226 = ORIENTED_EDGE('',*,*,#1132,.T.);
#2227 = ORIENTED_EDGE('',*,*,#2198,.T.);
#2228 = PLANE('',#2229);
#2229 = AXIS2_PLACEMENT_3D('',#2230,#2231,#2232);
#2230 = CARTESIAN_POINT('',(-16.95,46.35,5.25));
#2231 = DIRECTION('',(0.,0.,1.));
#2232 = DIRECTION('',(1.,0.,0.));
#2233 = ADVANCED_FACE('',(#2234),#2245,.F.);
#2234 = FACE_BOUND('',#2235,.F.);
#2235 = EDGE_LOOP('',(#2236,#2237,#2238,#2244));
#2236 = ORIENTED_EDGE('',*,*,#1348,.T.);
#2237 = ORIENTED_EDGE('',*,*,#1404,.T.);
#2238 = ORIENTED_EDGE('',*,*,#2239,.T.);
#2239 = EDGE_CURVE('',#1397,#1492,#2240,.T.);
#2240 = LINE('',#2241,#2242);
#2241 = CARTESIAN_POINT('',(20.15,50.800000000008,1.));
#2242 = VECTOR('',#2243,1.);
#2243 = DIRECTION('',(-1.,0.,0.));
#2244 = ORIENTED_EDGE('',*,*,#1491,.F.);
#2245 = PLANE('',#2246);
#2246 = AXIS2_PLACEMENT_3D('',#2247,#2248,#2249);
#2247 = CARTESIAN_POINT('',(20.15,49.300000000008,1.));
#2248 = DIRECTION('',(0.,2.2E-16,1.));
#2249 = DIRECTION('',(-1.,0.,0.));
#2250 = ADVANCED_FACE('',(#2251),#2266,.T.);
#2251 = FACE_BOUND('',#2252,.T.);
#2252 = EDGE_LOOP('',(#2253,#2254,#2255,#2256,#2257,#2258,#2259,#2260));
#2253 = ORIENTED_EDGE('',*,*,#1507,.F.);
#2254 = ORIENTED_EDGE('',*,*,#1555,.T.);
#2255 = ORIENTED_EDGE('',*,*,#1578,.T.);
#2256 = ORIENTED_EDGE('',*,*,#1537,.T.);
#2257 = ORIENTED_EDGE('',*,*,#1474,.T.);
#2258 = ORIENTED_EDGE('',*,*,#1451,.T.);
#2259 = ORIENTED_EDGE('',*,*,#1386,.T.);
#2260 = ORIENTED_EDGE('',*,*,#2261,.F.);
#2261 = EDGE_CURVE('',#1500,#1389,#2262,.T.);
#2262 = LINE('',#2263,#2264);
#2263 = CARTESIAN_POINT('',(18.85,50.800000000008,2.5));
#2264 = VECTOR('',#2265,1.);
#2265 = DIRECTION('',(1.,0.,0.));
#2266 = PLANE('',#2267);
#2267 = AXIS2_PLACEMENT_3D('',#2268,#2269,#2270);
#2268 = CARTESIAN_POINT('',(20.323333333333,48.295000000008,2.5));
#2269 = DIRECTION('',(0.,0.,1.));
#2270 = DIRECTION('',(1.,0.,0.));
#2271 = ADVANCED_FACE('',(#2272),#2278,.T.);
#2272 = FACE_BOUND('',#2273,.T.);
#2273 = EDGE_LOOP('',(#2274,#2275,#2276,#2277));
#2274 = ORIENTED_EDGE('',*,*,#1396,.T.);
#2275 = ORIENTED_EDGE('',*,*,#2239,.T.);
#2276 = ORIENTED_EDGE('',*,*,#1499,.T.);
#2277 = ORIENTED_EDGE('',*,*,#2261,.T.);
#2278 = PLANE('',#2279);
#2279 = AXIS2_PLACEMENT_3D('',#2280,#2281,#2282);
#2280 = CARTESIAN_POINT('',(19.5,50.800000000008,1.75));
#2281 = DIRECTION('',(0.,1.,0.));
#2282 = DIRECTION('',(0.,0.,1.));
#2283 = ADVANCED_FACE('',(#2284),#2287,.T.);
#2284 = FACE_BOUND('',#2285,.T.);
#2285 = EDGE_LOOP('',(#2286));
#2286 = ORIENTED_EDGE('',*,*,#1602,.T.);
#2287 = PLANE('',#2288);
#2288 = AXIS2_PLACEMENT_3D('',#2289,#2290,#2291);
#2289 = CARTESIAN_POINT('',(-1.89913149453,-24.80122403238,2.));
#2290 = DIRECTION('',(0.,0.,1.));
#2291 = DIRECTION('',(1.,0.,0.));
#2292 = ADVANCED_FACE('',(#2293),#2296,.T.);
#2293 = FACE_BOUND('',#2294,.T.);
#2294 = EDGE_LOOP('',(#2295));
#2295 = ORIENTED_EDGE('',*,*,#1627,.T.);
#2296 = PLANE('',#2297);
#2297 = AXIS2_PLACEMENT_3D('',#2298,#2299,#2300);
#2298 = CARTESIAN_POINT('',(-1.89913149453,-24.80122403238,2.));
#2299 = DIRECTION('',(0.,0.,1.));
#2300 = DIRECTION('',(1.,0.,0.));
#2301 = ADVANCED_FACE('',(#2302),#2305,.T.);
#2302 = FACE_BOUND('',#2303,.T.);
#2303 = EDGE_LOOP('',(#2304));
#2304 = ORIENTED_EDGE('',*,*,#1652,.T.);
#2305 = PLANE('',#2306);
#2306 = AXIS2_PLACEMENT_3D('',#2307,#2308,#2309);
#2307 = CARTESIAN_POINT('',(-1.89913149453,-24.80122403238,2.));
#2308 = DIRECTION('',(0.,0.,1.));
#2309 = DIRECTION('',(1.,0.,0.));
#2310 = ADVANCED_FACE('',(#2311),#2314,.T.);
#2311 = FACE_BOUND('',#2312,.T.);
#2312 = EDGE_LOOP('',(#2313));
#2313 = ORIENTED_EDGE('',*,*,#1677,.T.);
#2314 = PLANE('',#2315);
#2315 = AXIS2_PLACEMENT_3D('',#2316,#2317,#2318);
#2316 = CARTESIAN_POINT('',(-1.89913149453,-24.80122403238,2.));
#2317 = DIRECTION('',(0.,0.,1.));
#2318 = DIRECTION('',(1.,0.,0.));
#2319 = ADVANCED_FACE('',(#2320),#2323,.T.);
#2320 = FACE_BOUND('',#2321,.T.);
#2321 = EDGE_LOOP('',(#2322));
#2322 = ORIENTED_EDGE('',*,*,#1702,.T.);
#2323 = PLANE('',#2324);
#2324 = AXIS2_PLACEMENT_3D('',#2325,#2326,#2327);
#2325 = CARTESIAN_POINT('',(-1.89913149453,-24.80122403238,2.));
#2326 = DIRECTION('',(0.,0.,1.));
#2327 = DIRECTION('',(1.,0.,0.));
#2328 = ADVANCED_FACE('',(#2329),#2332,.T.);
#2329 = FACE_BOUND('',#2330,.T.);
#2330 = EDGE_LOOP('',(#2331));
#2331 = ORIENTED_EDGE('',*,*,#1752,.T.);
#2332 = PLANE('',#2333);
#2333 = AXIS2_PLACEMENT_3D('',#2334,#2335,#2336);
#2334 = CARTESIAN_POINT('',(-1.89913149453,-24.80122403238,2.));
#2335 = DIRECTION('',(0.,0.,1.));
#2336 = DIRECTION('',(1.,0.,0.));
#2337 = ADVANCED_FACE('',(#2338),#2341,.T.);
#2338 = FACE_BOUND('',#2339,.T.);
#2339 = EDGE_LOOP('',(#2340));
#2340 = ORIENTED_EDGE('',*,*,#1802,.T.);
#2341 = PLANE('',#2342);
#2342 = AXIS2_PLACEMENT_3D('',#2343,#2344,#2345);
#2343 = CARTESIAN_POINT('',(-1.89913149453,-24.80122403238,2.));
#2344 = DIRECTION('',(0.,0.,1.));
#2345 = DIRECTION('',(1.,0.,0.));
#2346 = ADVANCED_FACE('',(#2347),#2350,.T.);
#2347 = FACE_BOUND('',#2348,.T.);
#2348 = EDGE_LOOP('',(#2349));
#2349 = ORIENTED_EDGE('',*,*,#1827,.T.);
#2350 = PLANE('',#2351);
#2351 = AXIS2_PLACEMENT_3D('',#2352,#2353,#2354);
#2352 = CARTESIAN_POINT('',(-1.89913149453,-24.80122403238,2.));
#2353 = DIRECTION('',(0.,0.,1.));
#2354 = DIRECTION('',(1.,0.,0.));
#2355 = ADVANCED_FACE('',(#2356),#2359,.T.);
#2356 = FACE_BOUND('',#2357,.T.);
#2357 = EDGE_LOOP('',(#2358));
#2358 = ORIENTED_EDGE('',*,*,#1852,.T.);
#2359 = PLANE('',#2360);
#2360 = AXIS2_PLACEMENT_3D('',#2361,#2362,#2363);
#2361 = CARTESIAN_POINT('',(-1.89913149453,-24.80122403238,2.));
#2362 = DIRECTION('',(0.,0.,1.));
#2363 = DIRECTION('',(1.,0.,0.));
#2364 = ADVANCED_FACE('',(#2365),#2368,.T.);
#2365 = FACE_BOUND('',#2366,.T.);
#2366 = EDGE_LOOP('',(#2367));
#2367 = ORIENTED_EDGE('',*,*,#1877,.T.);
#2368 = PLANE('',#2369);
#2369 = AXIS2_PLACEMENT_3D('',#2370,#2371,#2372);
#2370 = CARTESIAN_POINT('',(-1.89913149453,-24.80122403238,2.));
#2371 = DIRECTION('',(0.,0.,1.));
#2372 = DIRECTION('',(1.,0.,0.));
#2373 = ADVANCED_FACE('',(#2374),#2393,.T.);
#2374 = FACE_BOUND('',#2375,.F.);
#2375 = EDGE_LOOP('',(#2376,#2384,#2391,#2392));
#2376 = ORIENTED_EDGE('',*,*,#2377,.T.);
#2377 = EDGE_CURVE('',#1980,#2378,#2380,.T.);
#2378 = VERTEX_POINT('',#2379);
#2379 = CARTESIAN_POINT('',(1.75,-12.9,6.4));
#2380 = LINE('',#2381,#2382);
#2381 = CARTESIAN_POINT('',(1.75,-12.9,5.));
#2382 = VECTOR('',#2383,1.);
#2383 = DIRECTION('',(0.,0.,1.));
#2384 = ORIENTED_EDGE('',*,*,#2385,.T.);
#2385 = EDGE_CURVE('',#2378,#2378,#2386,.T.);
#2386 = CIRCLE('',#2387,1.75);
#2387 = AXIS2_PLACEMENT_3D('',#2388,#2389,#2390);
#2388 = CARTESIAN_POINT('',(0.,-12.9,6.4));
#2389 = DIRECTION('',(0.,0.,1.));
#2390 = DIRECTION('',(1.,0.,0.));
#2391 = ORIENTED_EDGE('',*,*,#2377,.F.);
#2392 = ORIENTED_EDGE('',*,*,#1979,.F.);
#2393 = CYLINDRICAL_SURFACE('',#2394,1.75);
#2394 = AXIS2_PLACEMENT_3D('',#2395,#2396,#2397);
#2395 = CARTESIAN_POINT('',(0.,-12.9,5.));
#2396 = DIRECTION('',(-0.,-0.,-1.));
#2397 = DIRECTION('',(1.,0.,0.));
#2398 = ADVANCED_FACE('',(#2399),#2410,.F.);
#2399 = FACE_BOUND('',#2400,.F.);
#2400 = EDGE_LOOP('',(#2401,#2402,#2408,#2409));
#2401 = ORIENTED_EDGE('',*,*,#2115,.T.);
#2402 = ORIENTED_EDGE('',*,*,#2403,.T.);
#2403 = EDGE_CURVE('',#2108,#2156,#2404,.T.);
#2404 = LINE('',#2405,#2406);
#2405 = CARTESIAN_POINT('',(-25.95,-34.1,-0.8));
#2406 = VECTOR('',#2407,1.);
#2407 = DIRECTION('',(0.,-1.,0.));
#2408 = ORIENTED_EDGE('',*,*,#2155,.F.);
#2409 = ORIENTED_EDGE('',*,*,#2006,.F.);
#2410 = PLANE('',#2411);
#2411 = AXIS2_PLACEMENT_3D('',#2412,#2413,#2414);
#2412 = CARTESIAN_POINT('',(-25.95,-34.1,0.));
#2413 = DIRECTION('',(-1.,-0.,-0.));
#2414 = DIRECTION('',(0.,-1.,0.));
#2415 = ADVANCED_FACE('',(#2416),#2441,.F.);
#2416 = FACE_BOUND('',#2417,.F.);
#2417 = EDGE_LOOP('',(#2418,#2426,#2434,#2440));
#2418 = ORIENTED_EDGE('',*,*,#2419,.T.);
#2419 = EDGE_CURVE('',#2044,#2420,#2422,.T.);
#2420 = VERTEX_POINT('',#2421);
#2421 = CARTESIAN_POINT('',(-3.95,-37.4,-8.));
#2422 = LINE('',#2423,#2424);
#2423 = CARTESIAN_POINT('',(-3.95,-37.4,0.));
#2424 = VECTOR('',#2425,1.);
#2425 = DIRECTION('',(0.,0.,-1.));
#2426 = ORIENTED_EDGE('',*,*,#2427,.T.);
#2427 = EDGE_CURVE('',#2420,#2428,#2430,.T.);
#2428 = VERTEX_POINT('',#2429);
#2429 = CARTESIAN_POINT('',(-13.55,-37.4,-8.));
#2430 = LINE('',#2431,#2432);
#2431 = CARTESIAN_POINT('',(-3.95,-37.4,-8.));
#2432 = VECTOR('',#2433,1.);
#2433 = DIRECTION('',(-1.,0.,0.));
#2434 = ORIENTED_EDGE('',*,*,#2435,.F.);
#2435 = EDGE_CURVE('',#2046,#2428,#2436,.T.);
#2436 = LINE('',#2437,#2438);
#2437 = CARTESIAN_POINT('',(-13.55,-37.4,0.));
#2438 = VECTOR('',#2439,1.);
#2439 = DIRECTION('',(0.,0.,-1.));
#2440 = ORIENTED_EDGE('',*,*,#2043,.F.);
#2441 = PLANE('',#2442);
#2442 = AXIS2_PLACEMENT_3D('',#2443,#2444,#2445);
#2443 = CARTESIAN_POINT('',(-3.95,-37.4,0.));
#2444 = DIRECTION('',(0.,1.,0.));
#2445 = DIRECTION('',(-1.,0.,0.));
#2446 = ADVANCED_FACE('',(#2447),#2490,.T.);
#2447 = FACE_BOUND('',#2448,.T.);
#2448 = EDGE_LOOP('',(#2449,#2459,#2468,#2476,#2482,#2483,#2484));
#2449 = ORIENTED_EDGE('',*,*,#2450,.T.);
#2450 = EDGE_CURVE('',#2451,#2453,#2455,.T.);
#2451 = VERTEX_POINT('',#2452);
#2452 = CARTESIAN_POINT('',(-3.95,-32.4,-8.));
#2453 = VERTEX_POINT('',#2454);
#2454 = CARTESIAN_POINT('',(-3.95,-29.02549141002,-6.175941302715));
#2455 = LINE('',#2456,#2457);
#2456 = CARTESIAN_POINT('',(-3.95,-28.8767382702,-6.095534200113));
#2457 = VECTOR('',#2458,1.);
#2458 = DIRECTION('',(0.,0.879706513576,0.475517034365));
#2459 = ORIENTED_EDGE('',*,*,#2460,.F.);
#2460 = EDGE_CURVE('',#2461,#2453,#2463,.T.);
#2461 = VERTEX_POINT('',#2462);
#2462 = CARTESIAN_POINT('',(-3.95,-29.02549141002,-5.824058697285));
#2463 = CIRCLE('',#2464,0.2);
#2464 = AXIS2_PLACEMENT_3D('',#2465,#2466,#2467);
#2465 = CARTESIAN_POINT('',(-3.95,-29.12059481689,-6.));
#2466 = DIRECTION('',(-1.,0.,0.));
#2467 = DIRECTION('',(0.,0.,1.));
#2468 = ORIENTED_EDGE('',*,*,#2469,.T.);
#2469 = EDGE_CURVE('',#2461,#2470,#2472,.T.);
#2470 = VERTEX_POINT('',#2471);
#2471 = CARTESIAN_POINT('',(-3.95,-32.4,-4.));
#2472 = LINE('',#2473,#2474);
#2473 = CARTESIAN_POINT('',(-3.95,-33.23663086489,-3.547767100057));
#2474 = VECTOR('',#2475,1.);
#2475 = DIRECTION('',(0.,-0.879706513576,0.475517034365));
#2476 = ORIENTED_EDGE('',*,*,#2477,.F.);
#2477 = EDGE_CURVE('',#2062,#2470,#2478,.T.);
#2478 = LINE('',#2479,#2480);
#2479 = CARTESIAN_POINT('',(-3.95,-32.4,0.));
#2480 = VECTOR('',#2481,1.);
#2481 = DIRECTION('',(0.,0.,-1.));
#2482 = ORIENTED_EDGE('',*,*,#2069,.T.);
#2483 = ORIENTED_EDGE('',*,*,#2419,.T.);
#2484 = ORIENTED_EDGE('',*,*,#2485,.F.);
#2485 = EDGE_CURVE('',#2451,#2420,#2486,.T.);
#2486 = LINE('',#2487,#2488);
#2487 = CARTESIAN_POINT('',(-3.95,-32.4,-8.));
#2488 = VECTOR('',#2489,1.);
#2489 = DIRECTION('',(0.,-1.,0.));
#2490 = PLANE('',#2491);
#2491 = AXIS2_PLACEMENT_3D('',#2492,#2493,#2494);
#2492 = CARTESIAN_POINT('',(-3.95,-34.0256135831,-4.290142797338));
#2493 = DIRECTION('',(1.,0.,0.));
#2494 = DIRECTION('',(0.,0.,1.));
#2495 = ADVANCED_FACE('',(#2496),#2539,.T.);
#2496 = FACE_BOUND('',#2497,.T.);
#2497 = EDGE_LOOP('',(#2498,#2508,#2517,#2525,#2531,#2532,#2533));
#2498 = ORIENTED_EDGE('',*,*,#2499,.T.);
#2499 = EDGE_CURVE('',#2500,#2502,#2504,.T.);
#2500 = VERTEX_POINT('',#2501);
#2501 = CARTESIAN_POINT('',(-13.55,-32.4,-4.));
#2502 = VERTEX_POINT('',#2503);
#2503 = CARTESIAN_POINT('',(-13.55,-29.02549141002,-5.824058697285));
#2504 = LINE('',#2505,#2506);
#2505 = CARTESIAN_POINT('',(-13.55,-32.4,-4.));
#2506 = VECTOR('',#2507,1.);
#2507 = DIRECTION('',(-0.,0.879706513576,-0.475517034365));
#2508 = ORIENTED_EDGE('',*,*,#2509,.T.);
#2509 = EDGE_CURVE('',#2502,#2510,#2512,.T.);
#2510 = VERTEX_POINT('',#2511);
#2511 = CARTESIAN_POINT('',(-13.55,-29.02549141002,-6.175941302715));
#2512 = CIRCLE('',#2513,0.2);
#2513 = AXIS2_PLACEMENT_3D('',#2514,#2515,#2516);
#2514 = CARTESIAN_POINT('',(-13.55,-29.12059481689,-6.));
#2515 = DIRECTION('',(-1.,0.,0.));
#2516 = DIRECTION('',(0.,0.,1.));
#2517 = ORIENTED_EDGE('',*,*,#2518,.T.);
#2518 = EDGE_CURVE('',#2510,#2519,#2521,.T.);
#2519 = VERTEX_POINT('',#2520);
#2520 = CARTESIAN_POINT('',(-13.55,-32.4,-8.));
#2521 = LINE('',#2522,#2523);
#2522 = CARTESIAN_POINT('',(-13.55,-28.7,-6.));
#2523 = VECTOR('',#2524,1.);
#2524 = DIRECTION('',(0.,-0.879706513576,-0.475517034365));
#2525 = ORIENTED_EDGE('',*,*,#2526,.F.);
#2526 = EDGE_CURVE('',#2428,#2519,#2527,.T.);
#2527 = LINE('',#2528,#2529);
#2528 = CARTESIAN_POINT('',(-13.55,-37.4,-8.));
#2529 = VECTOR('',#2530,1.);
#2530 = DIRECTION('',(0.,1.,0.));
#2531 = ORIENTED_EDGE('',*,*,#2435,.F.);
#2532 = ORIENTED_EDGE('',*,*,#2053,.T.);
#2533 = ORIENTED_EDGE('',*,*,#2534,.T.);
#2534 = EDGE_CURVE('',#2054,#2500,#2535,.T.);
#2535 = LINE('',#2536,#2537);
#2536 = CARTESIAN_POINT('',(-13.55,-32.4,0.));
#2537 = VECTOR('',#2538,1.);
#2538 = DIRECTION('',(0.,0.,-1.));
#2539 = PLANE('',#2540);
#2540 = AXIS2_PLACEMENT_3D('',#2541,#2542,#2543);
#2541 = CARTESIAN_POINT('',(-13.55,-34.0256135831,-4.290142797338));
#2542 = DIRECTION('',(-1.,-0.,-0.));
#2543 = DIRECTION('',(0.,0.,-1.));
#2544 = ADVANCED_FACE('',(#2545),#2556,.F.);
#2545 = FACE_BOUND('',#2546,.F.);
#2546 = EDGE_LOOP('',(#2547,#2548,#2549,#2555));
#2547 = ORIENTED_EDGE('',*,*,#2061,.F.);
#2548 = ORIENTED_EDGE('',*,*,#2534,.T.);
#2549 = ORIENTED_EDGE('',*,*,#2550,.T.);
#2550 = EDGE_CURVE('',#2500,#2470,#2551,.T.);
#2551 = LINE('',#2552,#2553);
#2552 = CARTESIAN_POINT('',(-13.55,-32.4,-4.));
#2553 = VECTOR('',#2554,1.);
#2554 = DIRECTION('',(1.,0.,0.));
#2555 = ORIENTED_EDGE('',*,*,#2477,.F.);
#2556 = PLANE('',#2557);
#2557 = AXIS2_PLACEMENT_3D('',#2558,#2559,#2560);
#2558 = CARTESIAN_POINT('',(-13.55,-32.4,0.));
#2559 = DIRECTION('',(0.,-1.,0.));
#2560 = DIRECTION('',(1.,0.,0.));
#2561 = ADVANCED_FACE('',(#2562),#2583,.F.);
#2562 = FACE_BOUND('',#2563,.F.);
#2563 = EDGE_LOOP('',(#2564,#2573,#2574,#2575,#2576));
#2564 = ORIENTED_EDGE('',*,*,#2565,.T.);
#2565 = EDGE_CURVE('',#2566,#2131,#2568,.T.);
#2566 = VERTEX_POINT('',#2567);
#2567 = CARTESIAN_POINT('',(-26.3,-39.6,-0.8));
#2568 = CIRCLE('',#2569,7.);
#2569 = AXIS2_PLACEMENT_3D('',#2570,#2571,#2572);
#2570 = CARTESIAN_POINT('',(-33.3,-39.6,-0.8));
#2571 = DIRECTION('',(0.,0.,-1.));
#2572 = DIRECTION('',(1.,0.,0.));
#2573 = ORIENTED_EDGE('',*,*,#2163,.F.);
#2574 = ORIENTED_EDGE('',*,*,#2403,.F.);
#2575 = ORIENTED_EDGE('',*,*,#2107,.F.);
#2576 = ORIENTED_EDGE('',*,*,#2577,.T.);
#2577 = EDGE_CURVE('',#2100,#2566,#2578,.T.);
#2578 = CIRCLE('',#2579,7.);
#2579 = AXIS2_PLACEMENT_3D('',#2580,#2581,#2582);
#2580 = CARTESIAN_POINT('',(-33.3,-39.6,-0.8));
#2581 = DIRECTION('',(0.,0.,-1.));
#2582 = DIRECTION('',(1.,0.,0.));
#2583 = PLANE('',#2584);
#2584 = AXIS2_PLACEMENT_3D('',#2585,#2586,#2587);
#2585 = CARTESIAN_POINT('',(-30.75,-39.6,-0.8));
#2586 = DIRECTION('',(0.,0.,1.));
#2587 = DIRECTION('',(1.,0.,0.));
#2588 = ADVANCED_FACE('',(#2589),#2610,.T.);
#2589 = FACE_BOUND('',#2590,.F.);
#2590 = EDGE_LOOP('',(#2591,#2592,#2600,#2607,#2608,#2609));
#2591 = ORIENTED_EDGE('',*,*,#2565,.F.);
#2592 = ORIENTED_EDGE('',*,*,#2593,.T.);
#2593 = EDGE_CURVE('',#2566,#2594,#2596,.T.);
#2594 = VERTEX_POINT('',#2595);
#2595 = CARTESIAN_POINT('',(-26.3,-39.6,-1.78));
#2596 = LINE('',#2597,#2598);
#2597 = CARTESIAN_POINT('',(-26.3,-39.6,-0.8));
#2598 = VECTOR('',#2599,1.);
#2599 = DIRECTION('',(0.,0.,-1.));
#2600 = ORIENTED_EDGE('',*,*,#2601,.T.);
#2601 = EDGE_CURVE('',#2594,#2594,#2602,.T.);
#2602 = CIRCLE('',#2603,7.);
#2603 = AXIS2_PLACEMENT_3D('',#2604,#2605,#2606);
#2604 = CARTESIAN_POINT('',(-33.3,-39.6,-1.78));
#2605 = DIRECTION('',(0.,0.,-1.));
#2606 = DIRECTION('',(1.,0.,0.));
#2607 = ORIENTED_EDGE('',*,*,#2593,.F.);
#2608 = ORIENTED_EDGE('',*,*,#2577,.F.);
#2609 = ORIENTED_EDGE('',*,*,#2130,.F.);
#2610 = CYLINDRICAL_SURFACE('',#2611,7.);
#2611 = AXIS2_PLACEMENT_3D('',#2612,#2613,#2614);
#2612 = CARTESIAN_POINT('',(-33.3,-39.6,-0.8));
#2613 = DIRECTION('',(0.,0.,1.));
#2614 = DIRECTION('',(1.,0.,0.));
#2615 = ADVANCED_FACE('',(#2616),#2635,.T.);
#2616 = FACE_BOUND('',#2617,.F.);
#2617 = EDGE_LOOP('',(#2618,#2626,#2633,#2634));
#2618 = ORIENTED_EDGE('',*,*,#2619,.T.);
#2619 = EDGE_CURVE('',#2209,#2620,#2622,.T.);
#2620 = VERTEX_POINT('',#2621);
#2621 = CARTESIAN_POINT('',(-18.95,53.3,3.125));
#2622 = LINE('',#2623,#2624);
#2623 = CARTESIAN_POINT('',(-18.95,51.5,3.125));
#2624 = VECTOR('',#2625,1.);
#2625 = DIRECTION('',(0.,1.,-2.2E-16));
#2626 = ORIENTED_EDGE('',*,*,#2627,.T.);
#2627 = EDGE_CURVE('',#2620,#2620,#2628,.T.);
#2628 = CIRCLE('',#2629,2.);
#2629 = AXIS2_PLACEMENT_3D('',#2630,#2631,#2632);
#2630 = CARTESIAN_POINT('',(-16.95,53.3,3.125));
#2631 = DIRECTION('',(0.,1.,-0.));
#2632 = DIRECTION('',(-1.,0.,0.));
#2633 = ORIENTED_EDGE('',*,*,#2619,.F.);
#2634 = ORIENTED_EDGE('',*,*,#2208,.F.);
#2635 = CYLINDRICAL_SURFACE('',#2636,2.);
#2636 = AXIS2_PLACEMENT_3D('',#2637,#2638,#2639);
#2637 = CARTESIAN_POINT('',(-16.95,51.5,3.125));
#2638 = DIRECTION('',(0.,-1.,2.2E-16));
#2639 = DIRECTION('',(-1.,0.,0.));
#2640 = ADVANCED_FACE('',(#2641),#2644,.T.);
#2641 = FACE_BOUND('',#2642,.T.);
#2642 = EDGE_LOOP('',(#2643));
#2643 = ORIENTED_EDGE('',*,*,#2385,.T.);
#2644 = PLANE('',#2645);
#2645 = AXIS2_PLACEMENT_3D('',#2646,#2647,#2648);
#2646 = CARTESIAN_POINT('',(-4.883714759069E-17,-12.9,6.4));
#2647 = DIRECTION('',(0.,0.,1.));
#2648 = DIRECTION('',(1.,0.,0.));
#2649 = ADVANCED_FACE('',(#2650),#2661,.F.);
#2650 = FACE_BOUND('',#2651,.T.);
#2651 = EDGE_LOOP('',(#2652,#2653,#2659,#2660));
#2652 = ORIENTED_EDGE('',*,*,#2526,.T.);
#2653 = ORIENTED_EDGE('',*,*,#2654,.T.);
#2654 = EDGE_CURVE('',#2519,#2451,#2655,.T.);
#2655 = LINE('',#2656,#2657);
#2656 = CARTESIAN_POINT('',(-13.55,-32.4,-8.));
#2657 = VECTOR('',#2658,1.);
#2658 = DIRECTION('',(1.,0.,0.));
#2659 = ORIENTED_EDGE('',*,*,#2485,.T.);
#2660 = ORIENTED_EDGE('',*,*,#2427,.T.);
#2661 = PLANE('',#2662);
#2662 = AXIS2_PLACEMENT_3D('',#2663,#2664,#2665);
#2663 = CARTESIAN_POINT('',(-8.75,-34.9,-8.));
#2664 = DIRECTION('',(0.,0.,1.));
#2665 = DIRECTION('',(1.,0.,0.));
#2666 = ADVANCED_FACE('',(#2667),#2678,.T.);
#2667 = FACE_BOUND('',#2668,.T.);
#2668 = EDGE_LOOP('',(#2669,#2670,#2676,#2677));
#2669 = ORIENTED_EDGE('',*,*,#2518,.F.);
#2670 = ORIENTED_EDGE('',*,*,#2671,.T.);
#2671 = EDGE_CURVE('',#2510,#2453,#2672,.T.);
#2672 = LINE('',#2673,#2674);
#2673 = CARTESIAN_POINT('',(-13.55,-29.02549141002,-6.175941302715));
#2674 = VECTOR('',#2675,1.);
#2675 = DIRECTION('',(1.,0.,0.));
#2676 = ORIENTED_EDGE('',*,*,#2450,.F.);
#2677 = ORIENTED_EDGE('',*,*,#2654,.F.);
#2678 = PLANE('',#2679);
#2679 = AXIS2_PLACEMENT_3D('',#2680,#2681,#2682);
#2680 = CARTESIAN_POINT('',(-13.55,-28.7,-6.));
#2681 = DIRECTION('',(0.,0.475517034365,-0.879706513576));
#2682 = DIRECTION('',(0.,-0.879706513576,-0.475517034365));
#2683 = ADVANCED_FACE('',(#2684),#2695,.T.);
#2684 = FACE_BOUND('',#2685,.F.);
#2685 = EDGE_LOOP('',(#2686,#2687,#2688,#2689));
#2686 = ORIENTED_EDGE('',*,*,#2509,.T.);
#2687 = ORIENTED_EDGE('',*,*,#2671,.T.);
#2688 = ORIENTED_EDGE('',*,*,#2460,.F.);
#2689 = ORIENTED_EDGE('',*,*,#2690,.F.);
#2690 = EDGE_CURVE('',#2502,#2461,#2691,.T.);
#2691 = LINE('',#2692,#2693);
#2692 = CARTESIAN_POINT('',(-13.55,-29.02549141002,-5.824058697285));
#2693 = VECTOR('',#2694,1.);
#2694 = DIRECTION('',(1.,0.,0.));
#2695 = CYLINDRICAL_SURFACE('',#2696,0.2);
#2696 = AXIS2_PLACEMENT_3D('',#2697,#2698,#2699);
#2697 = CARTESIAN_POINT('',(-13.55,-29.12059481689,-6.));
#2698 = DIRECTION('',(1.,0.,0.));
#2699 = DIRECTION('',(0.,0.475517034365,0.879706513576));
#2700 = ADVANCED_FACE('',(#2701),#2707,.T.);
#2701 = FACE_BOUND('',#2702,.T.);
#2702 = EDGE_LOOP('',(#2703,#2704,#2705,#2706));
#2703 = ORIENTED_EDGE('',*,*,#2499,.F.);
#2704 = ORIENTED_EDGE('',*,*,#2550,.T.);
#2705 = ORIENTED_EDGE('',*,*,#2469,.F.);
#2706 = ORIENTED_EDGE('',*,*,#2690,.F.);
#2707 = PLANE('',#2708);
#2708 = AXIS2_PLACEMENT_3D('',#2709,#2710,#2711);
#2709 = CARTESIAN_POINT('',(-13.55,-32.4,-4.));
#2710 = DIRECTION('',(0.,0.475517034365,0.879706513576));
#2711 = DIRECTION('',(0.,0.879706513576,-0.475517034365));
#2712 = ADVANCED_FACE('',(#2713),#2716,.F.);
#2713 = FACE_BOUND('',#2714,.T.);
#2714 = EDGE_LOOP('',(#2715));
#2715 = ORIENTED_EDGE('',*,*,#2601,.T.);
#2716 = PLANE('',#2717);
#2717 = AXIS2_PLACEMENT_3D('',#2718,#2719,#2720);
#2718 = CARTESIAN_POINT('',(-33.3,-39.6,-1.78));
#2719 = DIRECTION('',(0.,0.,1.));
#2720 = DIRECTION('',(1.,0.,0.));
#2721 = ADVANCED_FACE('',(#2722),#2725,.T.);
#2722 = FACE_BOUND('',#2723,.T.);
#2723 = EDGE_LOOP('',(#2724));
#2724 = ORIENTED_EDGE('',*,*,#2627,.T.);
#2725 = PLANE('',#2726);
#2726 = AXIS2_PLACEMENT_3D('',#2727,#2728,#2729);
#2727 = CARTESIAN_POINT('',(-16.95,53.3,3.125));
#2728 = DIRECTION('',(0.,1.,0.));
#2729 = DIRECTION('',(0.,0.,1.));
#2730 = ( GEOMETRIC_REPRESENTATION_CONTEXT(3) 
GLOBAL_UNCERTAINTY_ASSIGNED_CONTEXT((#2734)) 
GLOBAL_UNIT_ASSIGNED_CONTEXT((#2731,#2732,#2733)) REPRESENTATION_CONTEXT
('Context #1','3D Context with UNIT and UNCERTAINTY') );
#2731 = ( LENGTH_UNIT() NAMED_UNIT(*) SI_UNIT(.MILLI.,.METRE.) );
#2732 = ( NAMED_UNIT(*) PLANE_ANGLE_UNIT() SI_UNIT($,.RADIAN.) );
#2733 = ( NAMED_UNIT(*) SI_UNIT($,.STERADIAN.) SOLID_ANGLE_UNIT() );
#2734 = UNCERTAINTY_MEASURE_WITH_UNIT(LENGTH_MEASURE(1.E-05),#2731,
  'distance_accuracy_value','confusion accuracy');
#2735 = PRODUCT_RELATED_PRODUCT_CATEGORY('part',$,(#7));
#2736 = MECHANICAL_DESIGN_GEOMETRIC_PRESENTATION_REPRESENTATION('',(
    #2737),#2730);
#2737 = STYLED_ITEM('color',(#2738),#15);
#2738 = PRESENTATION_STYLE_ASSIGNMENT((#2739,#2745));
#2739 = SURFACE_STYLE_USAGE(.BOTH.,#2740);
#2740 = SURFACE_SIDE_STYLE('',(#2741));
#2741 = SURFACE_STYLE_FILL_AREA(#2742);
#2742 = FILL_AREA_STYLE('',(#2743));
#2743 = FILL_AREA_STYLE_COLOUR('',#2744);
#2744 = COLOUR_RGB('',0.447058818107,0.474509808674,0.501960817233);
#2745 = CURVE_STYLE('',#2746,POSITIVE_LENGTH_MEASURE(0.1),#2747);
#2746 = DRAUGHTING_PRE_DEFINED_CURVE_FONT('continuous');
#2747 = COLOUR_RGB('',9.803921802644E-02,9.803921802644E-02,
  9.803921802644E-02);
ENDSEC;
END-ISO-10303-21;
